team,opponent,date,hca,points,fga,orb,tov,fta,opp_points,opp_fga,opp_orb,opp_tov,opp_fta
Queens (NC),Winthrop,2025-11-03,0,74,63,14,17,16,81,62,16,10,31
Winthrop,Queens (NC),2025-11-03,0,81,62,16,10,31,74,63,14,17,16
Bradley,St. Bonaventure,2025-11-03,0,63,56,5,9,13,69,60,15,13,17
St. Bonaventure,Bradley,2025-11-03,0,69,60,15,13,17,63,56,5,9,13
Omaha,Murray St.,2025-11-03,0,77,64,10,17,18,85,59,10,14,33
Murray St.,Omaha,2025-11-03,0,85,59,10,14,33,77,64,10,17,18
Drake,Northern Ariz.,2025-11-03,0,77,60,12,10,22,71,73,15,6,12
Northern Ariz.,Drake,2025-11-03,0,71,73,15,6,12,77,60,12,10,22
High Point,Furman,2025-11-03,0,97,69,9,6,15,71,57,15,22,19
Southern Miss.,Buffalo,2025-11-03,-1,79,50,7,14,20,85,53,13,8,36
Maryland,Coppin St.,2025-11-03,0,83,55,11,12,25,61,49,8,20,16
Georgetown,Morgan St.,2025-11-03,1,87,65,14,7,39,70,58,11,16,24
Ohio St.,IU Indy,2025-11-03,1,118,54,11,17,53,102,76,12,13,20
Furman,High Point,2025-11-03,0,71,57,15,22,19,97,69,9,6,15
St. John's (NY),Quinnipiac,2025-11-03,1,108,69,16,14,34,74,67,14,22,19
Morgan St.,Georgetown,2025-11-03,-1,70,58,11,16,24,87,65,14,7,39
IU Indy,Ohio St.,2025-11-03,-1,102,76,12,13,20,118,54,11,17,53
Eastern Mich.,Georgia St.,2025-11-03,1,71,73,22,13,11,49,58,13,17,12
Coppin St.,Maryland,2025-11-03,0,61,49,8,20,16,83,55,11,12,25
Georgia St.,Eastern Mich.,2025-11-03,-1,49,58,13,17,12,71,73,22,13,11
Buffalo,Southern Miss.,2025-11-03,1,85,53,13,8,36,79,50,7,14,20
Quinnipiac,St. John's (NY),2025-11-03,-1,74,67,14,22,19,108,69,16,14,34
Toledo,South Alabama,2025-11-03,1,74,55,6,11,9,76,58,11,10,13
Western Ill.,Radford,2025-11-03,-1,75,59,15,11,20,80,51,13,7,31
N.C. Central,NC State,2025-11-03,-1,66,48,7,18,28,114,64,14,9,30
Notre Dame,LIU,2025-11-03,1,89,55,17,19,30,67,55,14,15,31
James Madison,Akron,2025-11-03,-1,71,61,12,19,13,85,63,15,8,29
Rider,Virginia,2025-11-03,-1,53,49,13,14,29,87,64,22,6,34
Pittsburgh,Youngstown St.,2025-11-03,1,74,53,17,18,27,59,56,8,12,9
New Hampshire,Clemson,2025-11-03,-1,38,60,8,13,9,88,51,7,6,41
Akron,James Madison,2025-11-03,1,85,63,15,8,29,71,61,12,19,13
Canisius,Dayton,2025-11-03,-1,48,50,11,19,11,88,51,11,4,41
Missouri,Howard,2025-11-03,-1,88,61,16,16,21,67,62,10,13,16
Charleston So.,Virginia Tech,2025-11-03,-1,67,71,15,15,15,98,76,18,7,27
Virginia,Rider,2025-11-03,1,87,64,22,6,34,53,49,13,14,29
Fla. Atlantic,Boston College,2025-11-03,1,83,67,9,12,25,78,67,14,14,24
Niagara,Duquesne,2025-11-03,-1,63,48,6,16,27,83,55,7,17,13
Binghamton,Syracuse,2025-11-03,-1,47,45,7,22,22,85,66,11,5,16
LIU,Notre Dame,2025-11-03,-1,67,55,14,15,31,89,55,17,19,30
Dayton,Canisius,2025-11-03,1,88,51,11,4,41,48,50,11,19,11
Youngstown St.,Pittsburgh,2025-11-03,-1,59,56,8,12,9,74,53,17,18,27
Louisiana,Ball St.,2025-11-03,-1,64,59,9,12,9,75,46,8,11,28
Radford,Western Ill.,2025-11-03,1,80,51,13,7,31,75,59,15,11,20
Delaware,Bucknell,2025-11-03,-1,70,64,12,12,18,78,62,12,13,14
Michigan St.,Colgate,2025-11-03,1,80,60,19,10,37,69,57,3,13,6
Troy,Kent St.,2025-11-03,-1,103,63,6,12,33,97,79,22,14,33
Texas St.,Bowling Green,2025-11-03,-1,48,54,5,18,7,83,58,7,12,16
Duquesne,Niagara,2025-11-03,1,83,55,7,17,13,63,48,6,16,27
Lafayette,Saint Joseph's,2025-11-03,-1,76,64,12,9,23,85,66,14,7,22
Fairfield,Penn St.,2025-11-03,-1,68,70,12,7,9,76,57,7,7,25
South Alabama,Toledo,2025-11-03,-1,76,58,11,10,13,74,55,6,11,9
Bowling Green,Texas St.,2025-11-03,1,83,58,7,12,16,48,54,5,18,7
Syracuse,Binghamton,2025-11-03,1,85,66,11,5,16,47,45,7,22,22
Cincinnati,Western Caro.,2025-11-03,1,94,59,7,15,30,63,64,14,22,14
Colgate,Michigan St.,2025-11-03,-1,69,57,3,13,6,80,60,19,10,37
George Mason,Wofford,2025-11-03,1,70,55,8,12,16,46,50,10,16,16
Siena,Bryant,2025-11-03,1,82,67,18,7,20,66,56,14,20,12
Kent St.,Troy,2025-11-03,1,97,79,22,14,33,103,63,6,12,33
Wofford,George Mason,2025-11-03,-1,46,50,10,16,16,70,55,8,12,16
Florida,Arizona,2025-11-03,0,87,70,17,15,30,93,61,12,14,38
Tennessee,Mercer,2025-11-03,1,76,61,16,19,15,61,67,13,5,21
Massachusetts,Marshall,2025-11-03,1,72,55,10,20,36,78,56,10,26,19
App State,Central Mich.,2025-11-03,-1,66,59,17,9,29,82,58,13,12,17
Marshall,Massachusetts,2025-11-03,-1,78,56,10,26,19,72,55,10,20,36
Ohio,Arkansas St.,2025-11-03,1,85,63,7,10,22,89,56,13,18,28
Arkansas St.,Ohio,2025-11-03,-1,89,56,13,18,28,85,63,7,10,22
Western Caro.,Cincinnati,2025-11-03,-1,63,64,14,22,14,94,59,7,15,30
Central Ark.,North Carolina,2025-11-03,-1,54,64,10,17,9,94,65,12,12,22
Coastal Carolina,Western Mich.,2025-11-03,-1,71,61,9,13,20,76,50,5,15,35
Ball St.,Louisiana,2025-11-03,1,75,46,8,11,28,64,59,9,12,9
Old Dominion,Miami (OH),2025-11-03,-1,72,53,5,19,16,87,58,8,12,27
Boston College,Fla. Atlantic,2025-11-03,-1,78,67,14,14,24,83,67,9,12,25
VCU,Wagner,2025-11-03,1,103,68,16,10,31,74,63,14,15,24
Virginia Tech,Charleston So.,2025-11-03,1,98,76,18,7,27,67,71,15,15,15
Arizona,Florida,2025-11-03,0,93,61,12,14,38,87,70,17,15,30
Penn St.,Fairfield,2025-11-03,1,76,57,7,7,25,68,70,12,7,9
Bucknell,Delaware,2025-11-03,1,78,62,12,13,14,70,64,12,12,18
NC State,N.C. Central,2025-11-03,1,114,64,14,9,30,66,48,7,18,28
Southern U.,Arkansas,2025-11-03,-1,77,69,12,12,24,109,73,14,9,29
Western Mich.,Coastal Carolina,2025-11-03,1,76,50,5,15,35,71,61,9,13,20
Howard,Missouri,2025-11-03,1,67,62,10,13,16,88,61,16,16,21
Wagner,VCU,2025-11-03,-1,74,63,14,15,24,103,68,16,10,31
Arkansas,Southern U.,2025-11-03,1,109,73,14,9,29,77,69,12,12,24
Central Mich.,App State,2025-11-03,1,82,58,13,12,17,66,59,17,9,29
Stetson,Rhode Island,2025-11-03,-1,62,55,11,20,22,93,63,15,14,24
North Carolina,Central Ark.,2025-11-03,1,94,65,12,12,22,54,64,10,17,9
Miami (OH),Old Dominion,2025-11-03,1,87,58,8,12,27,72,53,5,19,16
UConn,New Haven,2025-11-03,1,79,56,10,12,20,55,52,4,11,14
Clemson,New Hampshire,2025-11-03,1,88,51,7,6,41,38,60,8,13,9
Saint Joseph's,Lafayette,2025-11-03,1,85,66,14,7,22,76,64,12,9,23
Bryant,Siena,2025-11-03,-1,66,56,14,20,12,82,67,18,7,20
Rhode Island,Stetson,2025-11-03,1,93,63,15,14,24,62,55,11,20,22
New Haven,UConn,2025-11-03,-1,55,52,4,11,14,79,56,10,12,20
Mercer,Tennessee,2025-11-03,-1,61,67,13,5,21,76,61,16,19,15
Providence,Holy Cross,2025-11-03,1,89,62,8,10,27,79,65,9,13,21
Marist,Xavier,2025-11-03,-1,62,44,6,18,25,66,53,12,11,32
Xavier,Marist,2025-11-03,1,66,53,12,11,32,62,44,6,18,25
Holy Cross,Providence,2025-11-03,-1,79,65,9,13,21,89,62,8,10,27
UMES,Georgia Tech,2025-11-03,-1,52,56,10,19,11,56,60,12,13,18
Northeastern,Boston U.,2025-11-03,1,75,60,11,13,26,76,60,11,16,20
Georgia,Bellarmine,2025-11-03,1,104,70,9,6,21,59,57,6,22,6
Mississippi Val.,UAB,2025-11-03,-1,55,55,5,26,19,106,74,15,8,37
Boston U.,Northeastern,2025-11-03,-1,76,60,11,16,20,75,60,11,13,26
Georgia Tech,UMES,2025-11-03,1,56,60,12,13,18,52,56,10,19,11
Navy,Presbyterian,2025-11-03,-1,76,55,10,8,24,55,49,10,15,22
Saint Peter's,Seton Hall,2025-11-03,-1,50,51,15,15,22,77,45,11,8,36
Tennessee Tech,Western Ky.,2025-11-03,-1,70,61,10,19,12,82,62,13,11,35
Air Force,Belmont,2025-11-03,-1,63,47,8,23,9,79,55,8,8,25
Seton Hall,Saint Peter's,2025-11-03,1,77,45,11,8,36,50,51,15,15,22
Belmont,Air Force,2025-11-03,1,79,55,8,8,25,63,47,8,23,9
Presbyterian,Navy,2025-11-03,1,55,49,10,15,22,76,55,10,8,24
Bellarmine,Georgia,2025-11-03,-1,59,57,6,22,6,104,70,9,6,21
Western Ky.,Tennessee Tech,2025-11-03,1,82,62,13,11,35,70,61,10,19,12
UAB,Mississippi Val.,2025-11-03,1,106,74,15,8,37,55,55,5,26,19
New Orleans,TCU,2025-11-03,-1,78,57,12,19,19,74,67,12,10,26
SMU,Tarleton St.,2025-11-03,1,96,50,8,11,42,76,51,10,15,35
Lehigh,Houston,2025-11-03,-1,57,51,9,15,23,75,61,15,13,20
ULM,NIU,2025-11-03,-1,82,56,6,13,22,102,65,19,18,26
Southeast Mo. St.,Saint Louis,2025-11-03,-1,67,62,7,9,26,92,67,14,15,21
Charlotte,Indiana St.,2025-11-03,1,92,65,18,8,30,76,57,8,10,21
Detroit Mercy,UIC,2025-11-03,-1,71,77,21,15,20,91,56,11,16,36
Cleveland St.,Loyola Chicago,2025-11-03,-1,88,64,18,14,23,91,66,12,7,25
Iowa St.,FDU,2025-11-03,1,88,67,9,9,9,50,52,8,18,17
American,Wake Forest,2025-11-03,-1,74,58,9,18,18,88,65,12,11,24
Loyola Chicago,Cleveland St.,2025-11-03,1,91,66,12,7,25,88,64,18,14,23
Hampton,Milwaukee,2025-11-03,-1,86,63,16,18,34,90,70,21,9,42
Northwestern,Mercyhurst,2025-11-03,1,70,52,15,12,38,47,60,9,11,13
Kansas,Green Bay,2025-11-03,1,94,58,9,3,24,51,56,7,8,18
DePaul,Chicago St.,2025-11-03,1,92,60,16,13,35,62,56,11,16,23
Jacksonville,Miami (FL),2025-11-03,-1,69,58,5,14,14,86,49,8,15,37
UIC,Detroit Mercy,2025-11-03,1,91,56,11,16,36,71,77,21,15,20
Saint Louis,Southeast Mo. St.,2025-11-03,1,92,67,14,15,21,67,62,7,9,26
Maine,George Washington,2025-11-03,-1,47,51,5,15,12,67,59,16,16,17
Tarleton St.,SMU,2025-11-03,-1,76,51,10,15,35,96,50,8,11,42
Wisconsin,Campbell,2025-11-03,1,96,67,13,9,19,64,52,9,19,17
Milwaukee,Hampton,2025-11-03,1,90,70,21,9,42,86,63,16,18,34
Houston,Lehigh,2025-11-03,1,75,61,15,13,20,57,51,9,15,23
Wake Forest,American,2025-11-03,1,88,65,12,11,24,74,58,9,18,18
Miami (FL),Jacksonville,2025-11-03,1,86,49,8,15,37,69,58,5,14,14
Vanderbilt,Lipscomb,2025-11-03,1,105,68,8,6,17,61,56,9,18,22
North Dakota,Alabama,2025-11-03,-1,62,62,7,10,17,91,58,11,15,27
Lipscomb,Vanderbilt,2025-11-03,-1,61,56,9,18,22,105,68,8,6,17
Bethune-Cookman,Auburn,2025-11-03,-1,90,70,8,13,9,95,68,17,11,38
Southeastern La.,Ole Miss,2025-11-03,-1,58,53,11,13,25,88,54,12,10,30
Northwestern St.,Texas A&M,2025-11-03,-1,68,58,10,16,21,98,71,17,12,23
Nebraska,West Ga.,2025-11-03,1,86,64,15,9,25,53,65,12,12,13
George Washington,Maine,2025-11-03,1,67,59,16,16,17,47,51,5,15,12
Auburn,Bethune-Cookman,2025-11-03,1,95,68,17,11,38,90,70,8,13,9
West Ga.,Nebraska,2025-11-03,-1,53,65,12,12,13,86,64,15,9,25
Marquette,UAlbany,2025-11-03,1,80,58,15,14,39,53,67,19,23,14
Mercyhurst,Northwestern,2025-11-03,-1,47,60,9,11,13,70,52,15,12,38
Gardner-Webb,Minnesota,2025-11-03,-1,60,57,11,14,27,87,55,12,14,30
Campbell,Wisconsin,2025-11-03,-1,64,52,9,19,17,96,67,13,9,19
Texas A&M,Northwestern St.,2025-11-03,1,98,71,17,12,23,68,58,10,16,21
Ole Miss,Southeastern La.,2025-11-03,1,88,54,12,10,30,58,53,11,13,25
TCU,New Orleans,2025-11-03,1,74,67,12,10,26,78,57,12,19,19
Minnesota,Gardner-Webb,2025-11-03,1,87,55,12,14,30,60,57,11,14,27
Baylor,UTRGV,2025-11-03,1,96,65,12,11,32,81,61,2,12,11
Indiana St.,Charlotte,2025-11-03,-1,76,57,8,10,21,92,65,18,8,30
Alabama,North Dakota,2025-11-03,1,91,58,11,15,27,62,62,7,10,17
Green Bay,Kansas,2025-11-03,-1,51,56,7,8,18,94,58,9,3,24
UTRGV,Baylor,2025-11-03,-1,81,61,2,12,11,96,65,12,11,32
NIU,ULM,2025-11-03,1,102,65,19,18,26,82,56,6,13,22
FDU,Iowa St.,2025-11-03,-1,50,52,8,18,17,88,67,9,9,9
Chicago St.,DePaul,2025-11-03,-1,62,56,11,16,23,92,60,16,13,35
UAlbany,Marquette,2025-11-03,-1,53,67,19,23,14,80,58,15,14,39
Jackson St.,Illinois,2025-11-03,-1,55,62,4,11,14,113,73,21,12,24
Tulane,Samford,2025-11-03,1,85,53,2,8,13,72,61,15,11,17
Oakland,Michigan,2025-11-03,-1,78,64,5,11,15,121,70,6,8,13
Oklahoma,Saint Francis,2025-11-03,1,102,70,14,11,18,66,66,12,14,10
Michigan,Oakland,2025-11-03,1,121,70,6,8,13,78,64,5,11,15
Samford,Tulane,2025-11-03,-1,72,61,15,11,17,85,53,2,8,13
South Dakota,Utah Tech,2025-11-03,1,79,66,14,14,35,81,73,12,15,13
Illinois,Jackson St.,2025-11-03,1,113,73,21,12,24,55,62,4,11,14
Saint Francis,Oklahoma,2025-11-03,-1,66,66,12,14,10,102,70,14,11,18
Utah Tech,South Dakota,2025-11-03,-1,81,73,12,15,13,79,66,14,14,35
South Fla.,Florida A&M,2025-11-03,1,102,62,17,15,40,67,59,11,21,26
Hofstra,UCF,2025-11-03,-1,78,62,13,12,24,82,56,16,16,36
Florida A&M,South Fla.,2025-11-03,-1,67,59,11,21,26,102,62,17,15,40
UCF,Hofstra,2025-11-03,1,82,56,16,16,36,78,62,13,12,24
Utah,San Jose St.,2025-11-03,1,84,62,13,11,19,75,65,13,11,18
South Carolina St.,Louisville,2025-11-03,-1,45,57,12,25,22,104,62,12,17,33
Purdue Fort Wayne,Grand Canyon,2025-11-03,-1,71,64,6,13,10,90,57,7,15,20
Montana St.,Colorado,2025-11-03,-1,78,56,6,11,17,84,52,11,9,39
Texas Southern,Gonzaga,2025-11-03,-1,43,59,12,17,17,98,69,19,13,21
San Jose St.,Utah,2025-11-03,-1,75,65,13,11,18,84,62,13,11,19
Colorado,Montana St.,2025-11-03,1,84,52,11,9,39,78,56,6,11,17
Merrimack,South Dakota St.,2025-11-03,0,66,56,9,11,27,75,57,14,14,26
Colorado St.,UIW,2025-11-03,1,98,48,8,10,30,64,59,7,5,21
Gonzaga,Texas Southern,2025-11-03,1,98,69,19,13,21,43,59,12,17,17
Loyola Maryland,Towson,2025-11-03,0,56,50,6,11,25,67,57,12,10,18
Towson,Loyola Maryland,2025-11-03,0,67,57,12,10,18,56,50,6,11,25
Grand Canyon,Purdue Fort Wayne,2025-11-03,1,90,57,7,15,20,71,64,6,13,10
UIW,Colorado St.,2025-11-03,-1,64,59,7,5,21,98,48,8,10,30
Louisville,South Carolina St.,2025-11-03,1,104,62,12,17,33,45,57,12,25,22
South Dakota St.,Merrimack,2025-11-03,0,75,57,14,14,26,66,56,9,11,27
BYU,Villanova,2025-11-03,0,71,66,12,4,21,66,67,17,11,15
Idaho,Washington St.,2025-11-03,-1,83,58,7,11,19,81,57,6,5,34
Cal Poly,Southern California,2025-11-03,-1,64,72,17,22,12,94,63,13,14,40
Washington St.,Idaho,2025-11-03,1,81,57,6,5,34,83,58,7,11,19
North Dakota St.,Oregon St.,2025-11-03,-1,65,66,11,7,11,67,45,5,12,26
Oregon St.,North Dakota St.,2025-11-03,1,67,45,5,12,26,65,66,11,7,11
Villanova,BYU,2025-11-03,0,66,67,17,11,15,71,66,12,4,21
Southern California,Cal Poly,2025-11-03,1,94,63,13,14,40,64,72,17,22,12
St. Thomas (MN),Saint Mary's (CA),2025-11-03,-1,58,53,4,10,10,84,57,11,11,19
Seattle U,Denver,2025-11-03,1,84,59,10,12,33,73,56,10,18,28
Denver,Seattle U,2025-11-03,-1,73,56,10,18,28,84,59,10,12,33
California,CSU Bakersfield,2025-11-03,1,87,59,12,14,25,60,53,11,17,30
CSU Bakersfield,California,2025-11-03,-1,60,53,11,17,30,87,59,12,14,25
Saint Mary's (CA),St. Thomas (MN),2025-11-03,1,84,57,11,11,19,58,53,4,10,10
California Baptist,USC Upstate,2025-11-03,1,87,64,13,7,21,75,54,8,14,29
Eastern Wash.,UCLA,2025-11-03,-1,74,54,6,16,14,80,70,12,8,10
UCLA,Eastern Wash.,2025-11-03,1,80,70,12,8,10,74,54,6,16,14
USC Upstate,California Baptist,2025-11-03,-1,75,54,8,14,29,87,64,13,7,21
Ark.-Pine Bluff,Washington,2025-11-03,-1,50,67,16,16,12,94,61,17,14,33
Washington,Ark.-Pine Bluff,2025-11-03,1,94,61,17,14,33,50,67,16,16,12
Purdue,Evansville,2025-11-04,1,82,59,12,7,16,51,70,20,10,4
Evansville,Purdue,2025-11-04,-1,51,70,20,10,4,82,59,12,7,16
N.C. A&T,South Carolina,2025-11-04,-1,72,60,7,12,22,91,63,10,13,21
East Carolina,Ga. Southern,2025-11-04,1,92,66,18,13,41,89,66,14,14,30
West Virginia,Mount St. Mary's,2025-11-04,1,70,48,6,9,35,54,46,8,20,19
Florida St.,Alcorn,2025-11-04,1,108,70,14,8,25,76,51,9,21,27
Nicholls,Kentucky,2025-11-04,-1,51,53,5,11,22,77,62,15,13,22
Mount St. Mary's,West Virginia,2025-11-04,-1,54,46,8,20,19,70,48,6,9,35
NJIT,Fordham,2025-11-04,-1,72,59,9,11,8,61,67,19,8,18
South Carolina,N.C. A&T,2025-11-04,1,91,63,10,13,21,72,60,7,12,22
Fordham,NJIT,2025-11-04,1,61,67,19,8,18,72,59,9,11,8
Ga. Southern,East Carolina,2025-11-04,-1,89,66,14,14,30,92,66,18,13,41
Kentucky,Nicholls,2025-11-04,1,77,62,15,13,22,51,53,5,11,22
Alcorn,Florida St.,2025-11-04,-1,76,51,9,21,27,108,70,14,8,25
UNC Asheville,Wichita St.,2025-11-04,-1,58,56,11,16,13,75,68,21,14,15
Wichita St.,UNC Asheville,2025-11-04,1,75,68,21,14,15,58,56,11,16,13
UNC Greensboro,Kansas St.,2025-11-04,-1,64,61,10,18,20,93,67,11,16,20
Valparaiso,Eastern Ill.,2025-11-04,1,66,55,16,14,35,63,46,10,20,31
Oklahoma St.,Oral Roberts,2025-11-04,1,95,72,15,15,30,71,69,11,16,22
Kansas St.,UNC Greensboro,2025-11-04,1,93,67,11,16,20,64,61,10,18,20
Texas Tech,Lindenwood,2025-11-04,1,98,82,23,7,23,60,61,11,14,26
Eastern Ill.,Valparaiso,2025-11-04,-1,63,46,10,20,31,66,55,16,14,35
Lindenwood,Texas Tech,2025-11-04,-1,60,61,11,14,26,98,82,23,7,23
Oral Roberts,Oklahoma St.,2025-11-04,-1,71,69,11,16,22,95,72,15,15,30
Iowa,Robert Morris,2025-11-04,1,101,47,10,11,44,69,48,13,23,22
Robert Morris,Iowa,2025-11-04,-1,69,48,13,23,22,101,47,10,11,44
Duke,Texas,2025-11-04,0,75,52,11,10,30,60,59,18,16,23
Texas,Duke,2025-11-04,0,60,59,18,16,23,75,52,11,10,30
Southern Utah,Arizona St.,2025-11-04,-1,64,70,16,16,8,81,59,11,14,20
Arizona St.,Southern Utah,2025-11-04,1,81,59,11,14,20,64,70,16,16,8
UNLV,UT Martin,2025-11-04,1,81,50,10,22,37,86,55,11,14,48
Stanford,Portland St.,2025-11-04,1,89,57,10,17,36,79,59,8,21,16
Portland St.,Stanford,2025-11-04,-1,79,59,8,21,16,89,57,10,17,36
UT Martin,UNLV,2025-11-04,-1,86,55,11,14,48,81,50,10,22,37
Long Beach St.,San Diego St.,2025-11-04,-1,45,59,12,21,5,77,60,12,15,19
Louisiana Tech,Nevada,2025-11-04,-1,50,50,8,13,17,77,56,17,10,28
Nevada,Louisiana Tech,2025-11-04,1,77,56,17,10,28,50,50,8,13,17
San Diego St.,Long Beach St.,2025-11-04,1,77,60,12,15,19,45,59,12,21,5
Oregon,Hawaii,2025-11-04,1,60,58,17,21,26,59,65,15,18,19
Hawaii,Oregon,2025-11-04,-1,59,65,15,18,19,60,58,17,21,26
Rider,Rutgers,2025-11-05,-1,53,65,21,14,18,81,64,20,7,33
Rutgers,Rider,2025-11-05,1,81,64,20,7,33,53,65,21,14,18
La Salle,Coppin St.,2025-11-05,1,87,53,11,14,35,59,57,7,16,18
Coppin St.,La Salle,2025-11-05,-1,59,57,7,16,18,87,53,11,14,35
Delaware St.,Temple,2025-11-05,-1,65,54,8,16,13,83,57,9,6,22
Temple,Delaware St.,2025-11-05,1,83,57,9,6,22,65,54,8,16,13
Butler,Southern Ind.,2025-11-05,1,88,65,17,13,29,58,65,10,12,17
Southern Ind.,Butler,2025-11-05,-1,58,65,10,12,17,88,65,17,13,29
Georgia,UMES,2025-11-05,1,94,76,25,10,29,29,55,19,31,13
UMES,Georgia,2025-11-05,-1,29,55,19,31,13,94,76,25,10,29
Alabama A&M,Indiana,2025-11-05,-1,51,53,3,11,19,98,58,6,11,16
LSU,Tarleton St.,2025-11-05,1,96,47,7,15,29,60,62,12,9,18
Southern U.,Marquette,2025-11-05,-1,82,64,11,13,29,100,70,10,9,20
South Dakota,Creighton,2025-11-05,-1,76,74,21,13,14,92,74,19,13,11
Tarleton St.,LSU,2025-11-05,-1,60,62,12,9,18,96,47,7,15,29
Creighton,South Dakota,2025-11-05,1,92,74,19,13,11,76,74,21,13,14
Marquette,Southern U.,2025-11-05,1,100,70,10,9,20,82,64,11,13,29
Indiana,Alabama A&M,2025-11-05,1,98,58,6,11,16,51,53,3,11,19
North Ala.,Mississippi St.,2025-11-05,-1,62,65,11,13,12,86,71,19,7,24
UC Davis,North Dakota St.,2025-11-05,1,80,53,11,18,17,68,71,20,12,14
North Dakota St.,UC Davis,2025-11-05,-1,68,71,20,12,14,80,53,11,18,17
Mississippi St.,North Ala.,2025-11-05,1,86,71,19,7,24,62,65,11,13,12
Fresno St.,USC Upstate,2025-11-05,1,66,62,14,12,22,67,50,9,22,17
East Texas A&M,New Mexico,2025-11-05,-1,54,62,11,21,11,76,63,12,15,23
USC Upstate,Fresno St.,2025-11-05,-1,67,50,9,22,17,66,62,14,12,22
New Mexico,East Texas A&M,2025-11-05,1,76,63,12,15,23,54,62,11,21,11
Eastern Wash.,LMU (CA),2025-11-05,-1,62,52,6,13,25,70,56,9,13,21
LMU (CA),Eastern Wash.,2025-11-05,1,70,56,9,13,21,62,52,6,13,25
IU Indy,LIU,2025-11-06,1,90,78,14,14,18,94,66,13,23,22
LIU,IU Indy,2025-11-06,-1,94,66,13,23,22,90,78,14,14,18
Quinnipiac,Central Conn. St.,2025-11-06,1,71,71,10,5,7,49,65,12,9,14
Xavier,Le Moyne,2025-11-06,1,74,59,10,11,16,69,51,5,18,12
Louisville,Jackson St.,2025-11-06,1,106,67,15,10,35,70,63,7,12,16
Illinois St.,Ohio,2025-11-06,-1,68,62,9,11,11,72,55,5,8,27
Miami (FL),Bethune-Cookman,2025-11-06,1,101,66,10,6,22,61,66,15,12,19
Boston College,The Citadel,2025-11-06,1,76,62,14,4,28,47,53,8,12,20
Central Conn. St.,Quinnipiac,2025-11-06,-1,49,65,12,9,14,71,71,10,5,7
Bethune-Cookman,Miami (FL),2025-11-06,-1,61,66,15,12,19,101,66,10,6,22
The Citadel,Boston College,2025-11-06,-1,47,53,8,12,20,76,62,14,4,28
Le Moyne,Xavier,2025-11-06,-1,69,51,5,18,12,74,59,10,11,16
Ohio,Illinois St.,2025-11-06,1,72,55,5,8,27,68,62,9,11,11
Campbell,West Virginia,2025-11-06,-1,65,54,14,12,32,73,57,12,11,27
West Virginia,Campbell,2025-11-06,1,73,57,12,11,27,65,54,14,12,32
Jackson St.,Louisville,2025-11-06,-1,70,63,7,12,16,106,67,15,10,35
Robert Morris,Drake,2025-11-06,-1,81,68,14,17,8,79,65,14,8,32
Drake,Robert Morris,2025-11-06,1,79,65,14,8,32,81,68,14,17,8
SMU,A&M-Corpus Christi,2025-11-06,1,69,59,13,9,28,58,66,16,11,18
Saint Francis,TCU,2025-11-06,-1,63,63,5,16,6,104,65,15,15,28
Florida,North Florida,2025-11-06,1,104,81,29,14,28,64,61,7,16,22
North Florida,Florida,2025-11-06,-1,64,61,7,16,22,104,81,29,14,28
Merrimack,Auburn,2025-11-06,-1,57,56,10,11,24,95,62,21,8,37
Grambling,Iowa St.,2025-11-06,-1,62,49,5,19,23,102,66,16,12,29
CSUN,UNI,2025-11-06,-1,57,52,11,20,23,86,63,6,10,10
Texas A&M,Texas Southern,2025-11-06,1,104,61,7,8,37,70,49,9,23,25
UNI,CSUN,2025-11-06,1,86,63,6,10,10,57,52,11,20,23
North Dakota,UC Riverside,2025-11-06,1,70,59,10,10,24,74,43,4,19,27
TCU,Saint Francis,2025-11-06,1,104,65,15,15,28,63,63,5,16,6
Abilene Christian,Omaha,2025-11-06,1,73,57,12,14,21,71,43,5,16,31
Texas Southern,Texas A&M,2025-11-06,-1,70,49,9,23,25,104,61,7,8,37
South Alabama,Alcorn,2025-11-06,1,76,53,8,15,27,70,55,7,18,11
A&M-Corpus Christi,SMU,2025-11-06,-1,58,66,16,11,18,69,59,13,9,28
Iowa St.,Grambling,2025-11-06,1,102,66,16,12,29,62,49,5,19,23
Saint Louis,Chicago St.,2025-11-06,1,108,62,7,15,33,86,66,12,15,35
Chicago St.,Saint Louis,2025-11-06,-1,86,66,12,15,35,108,62,7,15,33
Alcorn,South Alabama,2025-11-06,-1,70,55,7,18,11,76,53,8,15,27
Northwestern St.,North Texas,2025-11-06,-1,53,40,10,16,27,80,50,12,11,22
North Texas,Northwestern St.,2025-11-06,1,80,50,12,11,22,53,40,10,16,27
Auburn,Merrimack,2025-11-06,1,95,62,21,8,37,57,56,10,11,24
Omaha,Abilene Christian,2025-11-06,-1,71,43,5,16,31,73,57,12,14,21
UC Riverside,North Dakota,2025-11-06,-1,74,43,4,19,27,70,59,10,10,24
Loyola Chicago,Mercyhurst,2025-11-06,1,65,53,10,14,23,73,54,9,12,21
Mercyhurst,Loyola Chicago,2025-11-06,-1,73,54,9,12,21,65,53,10,14,23
Wright St.,California,2025-11-06,-1,67,64,11,8,18,77,55,10,10,31
Denver,Washington,2025-11-06,-1,70,61,9,13,12,84,65,11,9,15
Washington,Denver,2025-11-06,1,84,65,11,9,15,70,61,9,13,12
California,Wright St.,2025-11-06,1,77,55,10,10,31,67,64,11,8,18
Portland,Ark.-Pine Bluff,2025-11-06,1,83,59,8,19,32,74,57,9,19,27
Ark.-Pine Bluff,Portland,2025-11-06,-1,74,57,9,19,27,83,59,8,19,32
Columbia,New Haven,2025-11-07,-1,71,49,8,16,14,53,57,9,12,16
New Haven,Columbia,2025-11-07,1,53,57,9,12,16,71,49,8,16,14
UTSA,SIUE,2025-11-07,1,60,71,17,9,21,77,58,12,14,26
SIUE,UTSA,2025-11-07,-1,77,58,12,14,26,60,71,17,9,21
Northeastern,Colgate,2025-11-07,-1,68,59,11,7,25,65,59,10,11,16
Colgate,Northeastern,2025-11-07,1,65,59,10,11,16,68,59,11,7,25
Northwestern,Boston U.,2025-11-07,1,76,60,11,5,13,52,58,15,14,7
Liberty,Col. of Charleston,2025-11-07,1,90,59,10,5,17,75,55,12,12,17
Col. of Charleston,Liberty,2025-11-07,-1,75,55,12,12,17,90,59,10,5,17
Rhode Island,Tulsa,2025-11-07,0,65,48,9,16,19,82,54,13,14,24
Tulsa,Rhode Island,2025-11-07,0,82,54,13,14,24,65,48,9,16,19
Boston U.,Northwestern,2025-11-07,-1,52,58,15,14,7,76,60,11,5,13
Georgetown,Maryland,2025-11-07,-1,70,53,11,11,31,60,52,12,13,37
Maryland,Georgetown,2025-11-07,1,60,52,12,13,37,70,53,11,11,31
Ohio St.,Purdue Fort Wayne,2025-11-07,1,94,51,4,19,13,68,59,7,13,17
Green Bay,Buffalo,2025-11-07,-1,76,47,4,11,21,83,47,9,7,41
Purdue Fort Wayne,Ohio St.,2025-11-07,-1,68,59,7,13,17,94,51,4,19,13
Buffalo,Green Bay,2025-11-07,1,83,47,9,7,41,76,47,4,11,21
Iowa,Western Ill.,2025-11-07,1,77,50,4,7,20,58,47,6,14,18
Longwood,Pittsburgh,2025-11-07,-1,60,69,12,7,14,78,50,11,14,35
Mount St. Mary's,Bucknell,2025-11-07,1,62,51,11,15,25,73,58,9,4,23
Detroit Mercy,Notre Dame,2025-11-07,-1,70,67,8,13,10,102,69,11,7,22
Valparaiso,Kentucky,2025-11-07,-1,59,67,12,10,20,107,68,11,6,26
Notre Dame,Detroit Mercy,2025-11-07,1,102,69,11,7,22,70,67,8,13,10
Charlotte,Tennessee Tech,2025-11-07,1,70,47,10,19,20,65,47,10,17,25
Wake Forest,Morehead St.,2025-11-07,1,81,70,23,19,30,65,63,11,19,17
Iona,Hofstra,2025-11-07,1,81,60,11,15,27,73,63,14,15,18
Alabama St.,Florida St.,2025-11-07,-1,64,65,13,17,19,101,74,17,15,14
Florida St.,Alabama St.,2025-11-07,1,101,74,17,15,14,64,65,13,17,19
Gardner-Webb,Clemson,2025-11-07,-1,59,47,6,16,26,97,77,19,3,20
Morehead St.,Wake Forest,2025-11-07,-1,65,63,11,19,17,81,70,23,19,30
Purdue,Oakland,2025-11-07,1,87,68,11,5,15,77,68,12,9,12
N.C. Central,Virginia,2025-11-07,-1,62,60,16,9,22,81,61,20,12,19
Troy,Furman,2025-11-07,-1,64,56,8,14,13,61,56,10,17,12
Kansas,North Carolina,2025-11-07,-1,74,58,7,14,15,87,66,16,11,17
Cornell,Kent St.,2025-11-07,-1,102,63,13,17,22,110,65,11,11,33
Western Ill.,Iowa,2025-11-07,-1,58,47,6,14,18,77,50,4,7,20
Kent St.,Cornell,2025-11-07,1,110,65,11,11,33,102,63,13,17,22
Arkansas St.,SFA,2025-11-07,-1,65,54,10,14,33,90,70,19,14,19
Winthrop,George Mason,2025-11-07,-1,90,67,11,6,29,96,59,16,14,43
Kentucky,Valparaiso,2025-11-07,1,107,68,11,6,26,59,67,12,10,20
Oakland,Purdue,2025-11-07,-1,77,68,12,9,12,87,68,11,5,15
Siena,Brown,2025-11-07,-1,62,57,15,14,22,46,58,12,16,10
Pittsburgh,Longwood,2025-11-07,1,78,50,11,14,35,60,69,12,7,14
Clemson,Gardner-Webb,2025-11-07,1,97,77,19,3,20,59,47,6,16,26
Hofstra,Iona,2025-11-07,-1,73,63,14,15,18,81,60,11,15,27
Washington St.,Davidson,2025-11-07,-1,69,55,12,16,23,85,49,4,15,21
Tennessee Tech,Charlotte,2025-11-07,-1,65,47,10,17,25,70,47,10,19,20
Virginia,N.C. Central,2025-11-07,1,81,61,20,12,19,62,60,16,9,22
George Mason,Winthrop,2025-11-07,1,96,59,16,14,43,90,67,11,6,29
Brown,Siena,2025-11-07,1,46,58,12,16,10,62,57,15,14,22
North Carolina,Kansas,2025-11-07,1,87,66,16,11,17,74,58,7,14,15
SFA,Arkansas St.,2025-11-07,1,90,70,19,14,19,65,54,10,14,33
Furman,Troy,2025-11-07,1,61,56,10,17,12,64,56,8,14,13
Duquesne,Sacred Heart,2025-11-07,1,92,66,17,7,39,80,56,15,11,46
Sacred Heart,Duquesne,2025-11-07,-1,80,56,15,11,46,92,66,17,7,39
Cincinnati,Georgia St.,2025-11-07,1,74,62,14,16,26,64,57,8,17,18
Bucknell,Mount St. Mary's,2025-11-07,-1,73,58,9,4,23,62,51,11,15,25
Georgia St.,Cincinnati,2025-11-07,-1,64,57,8,17,18,74,62,14,16,26
Davidson,Washington St.,2025-11-07,1,85,49,4,15,21,69,55,12,16,23
ULM,Ole Miss,2025-11-07,-1,65,59,8,15,17,86,66,11,13,13
UMass Lowell,UConn,2025-11-07,-1,47,47,8,21,32,110,69,15,10,22
Seton Hall,Wagner,2025-11-07,1,68,61,20,11,24,61,49,9,20,12
Georgia Tech,Bryant,2025-11-07,1,74,63,7,13,10,45,60,9,16,16
Ole Miss,ULM,2025-11-07,1,86,66,11,13,13,65,59,8,15,17
UConn,UMass Lowell,2025-11-07,1,110,69,15,10,22,47,47,8,21,32
Bryant,Georgia Tech,2025-11-07,-1,45,60,9,16,16,74,63,7,13,10
Wagner,Seton Hall,2025-11-07,-1,61,49,9,20,12,68,61,20,11,24
Southeast Mo. St.,Missouri,2025-11-07,-1,84,63,13,16,21,89,54,9,19,31
Missouri,Southeast Mo. St.,2025-11-07,1,89,54,9,19,31,84,63,13,16,21
Texas Tech,Sam Houston,2025-11-07,1,98,58,19,11,43,77,65,18,14,20
Mississippi Val.,Murray St.,2025-11-07,-1,60,60,15,23,21,108,79,19,5,25
Eastern Ill.,Nicholls,2025-11-07,1,65,52,12,16,29,57,61,15,11,27
Stonehill,DePaul,2025-11-07,-1,64,57,6,16,15,72,62,8,7,35
Kansas City,Southern Ill.,2025-11-07,-1,78,69,16,12,23,101,61,9,12,26
Utah St.,VCU,2025-11-07,0,80,58,14,18,26,77,60,14,19,28
Southern Ill.,Kansas City,2025-11-07,1,101,61,9,12,26,78,69,16,12,23
Sam Houston,Texas Tech,2025-11-07,-1,77,65,18,14,20,98,58,19,11,43
VCU,Utah St.,2025-11-07,0,77,60,14,19,28,80,58,14,18,26
DePaul,Stonehill,2025-11-07,1,72,62,8,7,35,64,57,6,16,15
Murray St.,Mississippi Val.,2025-11-07,1,108,79,19,5,25,60,60,15,23,21
Nicholls,Eastern Ill.,2025-11-07,-1,57,61,15,11,27,65,52,12,16,29
South Carolina St.,Samford,2025-11-07,-1,72,57,6,13,18,82,53,9,10,37
NIU,Wisconsin,2025-11-07,-1,72,47,4,17,31,97,61,15,9,37
Wisconsin,NIU,2025-11-07,1,97,61,15,9,37,72,47,4,17,31
VMI,Southern Ind.,2025-11-07,-1,78,71,13,10,22,74,74,15,11,17
Southern Ind.,VMI,2025-11-07,1,74,74,15,11,17,78,71,13,10,22
FGCU,Illinois,2025-11-07,-1,70,79,13,1,12,113,65,11,7,34
Samford,South Carolina St.,2025-11-07,1,82,53,9,10,37,72,57,6,13,18
Louisiana,Southeastern La.,2025-11-07,1,58,44,4,12,12,52,45,12,11,31
Southeastern La.,Louisiana,2025-11-07,-1,52,45,12,11,31,58,44,4,12,12
Illinois,FGCU,2025-11-07,1,113,65,11,7,34,70,79,13,1,12
Grand Canyon,Youngstown St.,2025-11-07,1,81,66,16,13,22,90,56,8,9,30
UAB,NC State,2025-11-07,-1,70,71,17,14,14,94,61,11,14,22
Utah Tech,Arizona,2025-11-07,-1,67,55,11,14,27,93,63,13,12,20
Arizona,Utah Tech,2025-11-07,1,93,63,13,12,20,67,55,11,14,27
San Diego,Idaho St.,2025-11-07,1,68,59,12,10,14,71,57,13,10,19
Youngstown St.,Grand Canyon,2025-11-07,-1,90,56,8,9,30,81,66,16,13,22
Idaho St.,San Diego,2025-11-07,-1,71,57,13,10,19,68,59,12,10,14
Yale,Navy,2025-11-07,-1,97,66,12,10,23,68,50,6,19,28
NC State,UAB,2025-11-07,1,94,61,11,14,22,70,71,17,14,14
Navy,Yale,2025-11-07,1,68,50,6,19,28,97,66,12,10,23
UIC,Oregon St.,2025-11-07,-1,73,55,10,14,21,76,51,15,21,25
Oregon St.,UIC,2025-11-07,1,76,51,15,21,25,73,55,10,14,21
Santa Clara,McNeese,2025-11-07,1,79,66,25,15,25,67,51,9,14,23
McNeese,Santa Clara,2025-11-07,-1,67,51,9,14,23,79,66,25,15,25
Oregon,Rice,2025-11-07,1,67,52,16,12,38,63,62,14,14,11
Rice,Oregon,2025-11-07,-1,63,62,14,14,11,67,52,16,12,38
Saint Mary's (CA),Chattanooga,2025-11-07,1,87,45,6,14,29,66,52,6,13,19
California Baptist,UC Irvine,2025-11-07,-1,69,66,19,17,15,61,62,11,10,23
UC Irvine,California Baptist,2025-11-07,1,61,62,11,10,23,69,66,19,17,15
Pepperdine,UCLA,2025-11-07,-1,63,61,15,12,13,74,52,13,10,26
Chattanooga,Saint Mary's (CA),2025-11-07,-1,66,52,6,13,19,87,45,6,14,29
UCLA,Pepperdine,2025-11-07,1,74,52,13,10,26,63,61,15,12,13
Alcorn,Minnesota,2025-11-08,-1,50,56,10,16,15,95,60,19,12,37
Princeton,Akron,2025-11-08,-1,69,65,12,15,20,104,71,11,7,21
Akron,Princeton,2025-11-08,1,104,71,11,7,21,69,65,12,15,20
Minnesota,Alcorn,2025-11-08,1,95,60,19,12,37,50,56,10,16,15
St. John's (NY),Alabama,2025-11-08,1,96,63,10,12,40,103,81,14,7,22
Alabama,St. John's (NY),2025-11-08,-1,103,81,14,7,22,96,63,10,12,40
Florida A&M,Kennesaw St.,2025-11-08,1,72,67,13,12,33,92,56,4,14,28
Drexel,Saint Joseph's,2025-11-08,-1,65,69,16,12,14,76,58,11,10,30
Delaware St.,Syracuse,2025-11-08,-1,43,65,17,15,17,83,55,7,14,21
New Haven,Penn St.,2025-11-08,1,43,45,6,19,8,87,61,12,6,16
FIU,Nebraska,2025-11-08,-1,66,71,17,20,6,96,67,9,15,8
Saint Joseph's,Drexel,2025-11-08,1,76,58,11,10,30,65,69,16,12,14
Nebraska,FIU,2025-11-08,1,96,67,9,15,8,66,71,17,20,6
Syracuse,Delaware St.,2025-11-08,1,83,55,7,14,21,43,65,17,15,17
Kennesaw St.,Florida A&M,2025-11-08,-1,92,56,4,14,28,72,67,13,12,33
Penn St.,New Haven,2025-11-08,-1,87,61,12,6,16,43,45,6,19,8
Duke,Western Caro.,2025-11-08,1,95,64,13,10,33,54,72,15,14,11
George Washington,South Fla.,2025-11-08,0,99,55,11,21,41,95,72,16,12,37
South Fla.,George Washington,2025-11-08,0,95,72,16,12,37,99,55,11,21,41
Western Caro.,Duke,2025-11-08,-1,54,72,15,14,11,95,64,13,10,33
Toledo,Marshall,2025-11-08,1,73,64,15,14,19,85,61,12,15,12
Niagara,Binghamton,2025-11-08,-1,67,59,11,8,17,59,56,11,9,20
NJIT,Fairfield,2025-11-08,1,53,60,7,16,12,74,66,18,16,24
Fairfield,NJIT,2025-11-08,-1,74,66,18,16,24,53,60,7,16,12
Binghamton,Niagara,2025-11-08,1,59,56,11,9,20,67,59,11,8,17
UMBC,Dayton,2025-11-08,-1,71,58,11,15,10,77,51,6,9,24
Texas St.,Tulane,2025-11-08,-1,71,60,11,11,13,79,47,5,11,30
Milwaukee,Wofford,2025-11-08,-1,76,63,7,7,19,86,63,14,13,30
Dayton,UMBC,2025-11-08,1,77,51,6,9,24,71,58,11,15,10
Marshall,Toledo,2025-11-08,-1,85,61,12,15,12,73,64,15,14,19
FDU,Saint Peter's,2025-11-08,-1,83,57,11,18,20,93,62,11,11,27
Wofford,Milwaukee,2025-11-08,1,86,63,14,13,30,76,63,7,7,19
Saint Peter's,FDU,2025-11-08,1,93,62,11,11,27,83,57,11,18,20
Tulane,Texas St.,2025-11-08,1,79,47,5,11,30,71,60,11,11,13
Ga. Southern,UNC Asheville,2025-11-08,1,93,65,12,9,39,90,60,9,18,24
Texas,Lafayette,2025-11-08,1,97,63,16,9,29,60,55,10,15,17
Houston,Towson,2025-11-08,1,65,62,12,12,7,48,49,9,18,14
Lafayette,Texas,2025-11-08,-1,60,55,10,15,17,97,63,16,9,29
Towson,Houston,2025-11-08,-1,48,49,9,18,14,65,62,12,12,7
San Francisco,Memphis,2025-11-08,-1,70,55,9,15,25,76,66,17,14,26
Tennessee,Northern Ky.,2025-11-08,1,95,65,16,12,19,56,58,10,15,13
UNC Asheville,Ga. Southern,2025-11-08,-1,90,60,9,18,24,93,65,12,9,39
Memphis,San Francisco,2025-11-08,1,76,66,17,14,26,70,55,9,15,25
Northern Ky.,Tennessee,2025-11-08,-1,56,58,10,15,13,95,65,16,12,19
Monmouth,La Salle,2025-11-08,-1,60,52,11,16,17,73,62,20,12,28
La Salle,Monmouth,2025-11-08,1,73,62,20,12,28,60,52,11,16,17
Air Force,Austin Peay,2025-11-08,1,54,52,15,22,24,74,52,10,17,29
UC Santa Barbara,San Jose St.,2025-11-08,1,85,52,10,11,19,74,50,11,14,21
Canisius,St. Bonaventure,2025-11-08,-1,70,51,7,11,17,89,68,20,8,18
Colorado,Eastern Wash.,2025-11-08,1,102,63,11,9,39,97,62,5,11,19
San Jose St.,UC Santa Barbara,2025-11-08,-1,74,50,11,14,21,85,52,10,11,19
Stanford,Montana,2025-11-08,1,91,79,16,5,15,68,51,5,20,17
Wyoming,Cal St. Fullerton,2025-11-08,1,92,65,11,11,37,82,55,7,17,43
St. Bonaventure,Canisius,2025-11-08,1,89,68,20,8,18,70,51,7,11,17
William & Mary,Norfolk St.,2025-11-08,-1,81,53,10,17,34,78,58,14,19,31
Boise St.,Utah Valley,2025-11-08,1,101,59,11,9,34,77,55,6,16,24
New Mexico,UT Arlington,2025-11-08,1,74,57,9,12,27,56,51,14,23,24
Norfolk St.,William & Mary,2025-11-08,1,78,58,14,19,31,81,53,10,17,34
UCF,Vanderbilt,2025-11-08,1,93,58,8,12,28,105,68,9,6,17
Vanderbilt,UCF,2025-11-08,-1,105,68,9,6,17,93,58,8,12,28
Elon,UNC Greensboro,2025-11-08,-1,92,75,19,4,30,90,63,12,11,27
UNC Greensboro,Elon,2025-11-08,1,90,63,12,11,27,92,75,19,4,30
Montana,Stanford,2025-11-08,-1,68,51,5,20,17,91,79,16,5,15
Eastern Wash.,Colorado,2025-11-08,-1,97,62,5,11,19,102,63,11,9,39
UT Arlington,New Mexico,2025-11-08,-1,56,51,14,23,24,74,57,9,12,27
Cal St. Fullerton,Wyoming,2025-11-08,-1,82,55,7,17,43,92,65,11,11,37
Austin Peay,Air Force,2025-11-08,-1,74,52,10,17,29,54,52,15,22,24
Utah Valley,Boise St.,2025-11-08,-1,77,55,6,16,24,101,59,11,9,34
Providence,Virginia Tech,2025-11-08,0,101,76,12,14,25,107,79,12,11,22
Virginia Tech,Providence,2025-11-08,0,107,79,12,11,22,101,76,12,14,25
Maine,Stony Brook,2025-11-08,-1,60,51,5,11,25,71,62,10,8,23
Stony Brook,Maine,2025-11-08,1,71,62,10,8,23,60,51,5,11,25
Butler,IU Indy,2025-11-08,1,112,76,23,17,43,80,80,14,17,15
Long Beach St.,Fresno St.,2025-11-08,-1,62,53,8,16,23,82,52,10,16,28
Fresno St.,Long Beach St.,2025-11-08,1,82,52,10,16,28,62,53,8,16,23
IU Indy,Butler,2025-11-08,-1,80,80,14,17,15,112,76,23,17,43
Fla. Atlantic,Col. of Charleston,2025-11-08,0,94,68,18,7,22,77,60,13,9,24
East Carolina,Richmond,2025-11-08,-1,72,54,8,13,31,87,50,4,11,36
Massachusetts,UAlbany,2025-11-08,1,83,60,14,13,30,62,53,8,19,23
UAlbany,Massachusetts,2025-11-08,-1,62,53,8,19,23,83,60,14,13,30
ETSU,Presbyterian,2025-11-08,-1,64,55,13,12,21,68,48,11,16,26
Richmond,East Carolina,2025-11-08,1,87,50,4,11,36,72,54,8,13,31
Presbyterian,ETSU,2025-11-08,1,68,48,11,16,26,64,55,13,12,21
Col. of Charleston,Fla. Atlantic,2025-11-08,0,77,60,13,9,24,94,68,18,7,22
Villanova,Queens (NC),2025-11-08,1,94,71,22,8,25,74,47,3,16,16
Prairie View,Wichita St.,2025-11-08,-1,62,59,12,17,28,105,61,14,10,41
Tarleton St.,A&M-Corpus Christi,2025-11-08,1,85,47,9,13,37,77,58,15,13,29
Wichita St.,Prairie View,2025-11-08,1,105,61,14,10,41,62,59,12,17,28
Arkansas,Michigan St.,2025-11-08,-1,66,56,13,14,23,69,61,19,14,26
Weber St.,Utah,2025-11-08,-1,89,73,17,15,28,92,77,19,13,32
Utah,Weber St.,2025-11-08,1,92,77,19,13,32,89,73,17,15,28
Queens (NC),Villanova,2025-11-08,-1,74,47,3,16,16,94,71,22,8,25
Michigan St.,Arkansas,2025-11-08,1,69,61,19,14,26,66,56,13,14,23
A&M-Corpus Christi,Tarleton St.,2025-11-08,-1,77,58,15,13,29,85,47,9,13,37
Central Mich.,Bradley,2025-11-08,-1,54,55,8,15,15,85,56,10,10,25
Army West Point,St. Thomas (MN),2025-11-08,-1,76,62,11,11,14,83,60,10,7,25
St. Thomas (MN),Army West Point,2025-11-08,1,83,60,10,7,25,76,62,11,11,14
Tennessee St.,Belmont,2025-11-08,-1,79,77,19,13,20,87,57,8,17,33
Kansas St.,Bellarmine,2025-11-08,1,98,53,11,18,23,71,61,11,13,17
Bellarmine,Kansas St.,2025-11-08,-1,71,61,11,13,17,98,53,11,18,23
Belmont,Tennessee St.,2025-11-08,1,87,57,8,17,33,79,77,19,13,20
Bradley,Central Mich.,2025-11-08,1,85,56,10,10,25,54,55,8,15,15
UTRGV,Southern Utah,2025-11-08,-1,95,76,17,12,5,72,65,12,11,19
Southern Utah,UTRGV,2025-11-08,1,72,65,12,11,19,95,76,17,12,5
LMU (CA),Ark.-Pine Bluff,2025-11-08,1,94,62,11,6,28,72,65,12,13,11
BYU,Holy Cross,2025-11-08,1,98,63,4,6,16,53,60,9,15,11
UNLV,Chattanooga,2025-11-08,1,101,59,16,8,37,69,53,5,12,15
Holy Cross,BYU,2025-11-08,-1,53,60,9,15,11,98,63,4,6,16
Ark.-Pine Bluff,LMU (CA),2025-11-08,-1,72,65,12,13,11,94,62,11,6,28
Chattanooga,UNLV,2025-11-08,-1,69,53,5,12,15,101,59,16,8,37
Nevada,Pacific,2025-11-08,1,78,58,18,9,39,77,59,7,8,15
Seattle U,Cal Poly,2025-11-08,1,71,63,12,17,14,73,58,14,23,22
UC San Diego,Houston Christian,2025-11-08,1,78,58,8,12,13,60,55,7,16,14
Pacific,Nevada,2025-11-08,-1,77,59,7,8,15,78,58,18,9,39
Houston Christian,UC San Diego,2025-11-08,-1,60,55,7,16,14,78,58,8,12,13
Cal Poly,Seattle U,2025-11-08,-1,73,58,14,23,22,71,63,12,17,14
Oklahoma,Gonzaga,2025-11-08,-1,68,58,8,16,18,83,79,18,7,11
Gonzaga,Oklahoma,2025-11-08,1,83,79,18,7,11,68,58,8,16,18
Harvard,New Hampshire,2025-11-09,1,86,56,5,9,18,75,58,5,14,10
New Hampshire,Harvard,2025-11-09,-1,75,58,5,14,10,86,56,5,9,18
Campbell,Western Mich.,2025-11-09,1,91,54,8,15,41,82,64,11,15,26
Western Mich.,Campbell,2025-11-09,-1,82,64,11,15,26,91,54,8,15,41
Marquette,Indiana,2025-11-09,0,77,59,14,15,33,100,66,10,8,24
App State,N.C. Central,2025-11-09,1,76,54,11,8,29,54,50,7,11,20
Coppin St.,James Madison,2025-11-09,-1,70,47,12,18,36,84,59,10,12,20
James Madison,Coppin St.,2025-11-09,1,84,59,10,12,20,70,47,12,18,36
Indiana,Marquette,2025-11-09,0,100,66,10,8,24,77,59,14,15,33
N.C. Central,App State,2025-11-09,-1,54,50,7,11,20,76,54,11,8,29
Penn,American,2025-11-09,-1,78,52,8,18,32,84,63,10,13,23
American,Penn,2025-11-09,1,84,63,10,13,23,78,52,8,18,32
Mercer,Lipscomb,2025-11-09,1,92,65,11,8,13,77,67,12,11,7
Dartmouth,Marist,2025-11-09,1,56,49,9,20,28,75,66,9,13,5
Cornell,Illinois St.,2025-11-09,-1,65,60,10,11,24,76,55,12,14,33
Vermont,Brown,2025-11-09,-1,89,72,11,10,22,84,67,10,13,24
South Dakota St.,UNI,2025-11-09,-1,58,51,12,17,14,65,49,5,11,20
Marist,Dartmouth,2025-11-09,-1,75,66,9,13,5,56,49,9,20,28
Illinois St.,Cornell,2025-11-09,1,76,55,12,14,33,65,60,10,11,24
Brown,Vermont,2025-11-09,1,84,67,10,13,24,89,72,11,10,22
Bowling Green,Le Moyne,2025-11-09,1,83,66,10,6,17,60,52,11,24,12
Georgia,Morehead St.,2025-11-09,1,120,75,16,9,26,81,74,20,16,20
Texas A&M,Oklahoma St.,2025-11-09,-1,63,62,14,16,17,87,66,12,9,22
Le Moyne,Bowling Green,2025-11-09,-1,60,52,11,24,12,83,66,10,6,17
Morehead St.,Georgia,2025-11-09,-1,81,74,20,16,20,120,75,16,9,26
Oklahoma St.,Texas A&M,2025-11-09,1,87,66,12,9,22,63,62,14,16,17
North Dakota,CSUN,2025-11-09,1,85,65,9,8,23,93,60,14,16,31
CSUN,North Dakota,2025-11-09,-1,93,60,14,16,31,85,65,9,8,23
UNI,South Dakota St.,2025-11-09,1,65,49,5,11,20,58,51,12,17,14
Lipscomb,Mercer,2025-11-09,-1,77,67,12,11,7,92,65,11,8,13
Utah Tech,Arizona St.,2025-11-09,-1,66,55,10,16,22,81,66,11,8,16
Arizona St.,Utah Tech,2025-11-09,1,81,66,11,8,16,66,55,10,16,22
Denver,Montana St.,2025-11-09,-1,75,55,9,14,10,73,61,9,8,7
Lehigh,West Virginia,2025-11-09,-1,47,46,3,16,11,69,49,9,13,25
West Virginia,Lehigh,2025-11-09,1,69,49,9,13,25,47,46,3,16,11
Montana St.,Denver,2025-11-09,1,73,61,9,8,7,75,55,9,14,10
Missouri,VMI,2025-11-09,1,106,65,17,11,35,68,57,8,17,20
VMI,Missouri,2025-11-09,-1,68,57,8,17,20,106,65,17,11,35
Portland,UC Davis,2025-11-09,1,67,54,12,17,22,63,61,15,16,16
UC Davis,Portland,2025-11-09,-1,63,61,15,16,16,67,54,12,17,22
Idaho St.,San Diego St.,2025-11-09,-1,57,45,9,19,14,73,49,5,12,12
North Texas,Loyola Chicago,2025-11-09,0,64,53,13,12,27,62,55,16,13,31
Loyola Chicago,North Texas,2025-11-09,0,62,55,16,13,31,64,53,13,12,27
San Diego St.,Idaho St.,2025-11-09,1,73,49,5,12,12,57,45,9,19,14
Southern California,Manhattan,2025-11-09,1,114,81,24,12,32,83,61,10,12,36
Grambling,Howard,2025-11-09,-1,73,49,10,17,19,70,48,10,19,16
Manhattan,Southern California,2025-11-09,-1,83,61,10,12,36,114,81,24,12,32
Omaha,Colorado St.,2025-11-09,-1,74,59,8,7,15,97,53,14,11,33
Colorado St.,Omaha,2025-11-09,1,97,53,14,11,33,74,59,8,7,15
Liberty,Fla. Atlantic,2025-11-09,1,88,58,5,9,13,68,55,12,13,24
Fla. Atlantic,Liberty,2025-11-09,-1,68,55,12,13,24,88,58,5,9,13
Howard,Grambling,2025-11-09,1,70,48,10,19,16,73,49,10,17,19
Southern Miss.,South Carolina,2025-11-09,-1,79,67,13,9,21,83,64,12,15,21
South Carolina,Southern Miss.,2025-11-09,1,83,64,12,15,21,79,67,13,9,21
Baylor,Washington,2025-11-09,1,78,56,7,9,29,69,68,16,12,15
Washington,Baylor,2025-11-09,-1,69,68,16,12,15,78,56,7,9,29
East Texas A&M,Hawaii,2025-11-09,-1,74,53,8,14,32,100,51,10,14,54
Hawaii,East Texas A&M,2025-11-09,1,100,51,10,14,54,74,53,8,14,32
New Haven,UMass Lowell,2025-11-10,-1,73,56,9,14,15,67,57,13,12,27
UMass Lowell,New Haven,2025-11-10,1,67,57,13,12,27,73,56,9,14,15
Rutgers,Maine,2025-11-10,1,72,50,14,14,29,60,46,6,18,13
Columbia,UConn,2025-11-10,-1,62,56,11,13,20,89,53,7,6,29
Niagara,Delaware St.,2025-11-10,1,68,47,3,9,14,57,54,8,8,12
Delaware St.,Niagara,2025-11-10,-1,57,54,8,8,12,68,47,3,9,14
UConn,Columbia,2025-11-10,1,89,53,7,6,29,62,56,11,13,20
Maine,Rutgers,2025-11-10,-1,60,46,6,18,13,72,50,14,14,29
Kent St.,UNCW,2025-11-10,1,86,53,7,11,24,77,77,17,7,18
Eastern Mich.,Pittsburgh,2025-11-10,-1,66,59,10,10,21,78,60,9,8,23
Seton Hall,Fairfield,2025-11-10,1,82,66,16,7,28,59,50,11,17,23
Miami (FL),Stetson,2025-11-10,1,102,66,11,12,26,61,57,8,17,26
Eastern Ky.,Western Ky.,2025-11-10,1,79,61,8,14,20,87,70,12,3,28
UNCW,Kent St.,2025-11-10,-1,77,77,17,7,18,86,53,7,11,24
Pittsburgh,Eastern Mich.,2025-11-10,1,78,60,9,8,23,66,59,10,10,21
Georgia St.,Presbyterian,2025-11-10,1,61,54,13,10,18,63,46,9,14,19
Presbyterian,Georgia St.,2025-11-10,-1,63,46,9,14,19,61,54,13,10,18
Fairfield,Seton Hall,2025-11-10,-1,59,50,11,17,23,82,66,16,7,28
Western Ky.,Eastern Ky.,2025-11-10,-1,87,70,12,3,28,79,61,8,14,20
Indiana St.,SIUE,2025-11-10,-1,64,60,14,17,17,55,64,14,15,13
N.C. A&T,South Carolina St.,2025-11-10,1,85,62,15,19,33,62,55,12,24,28
Stetson,Miami (FL),2025-11-10,-1,61,57,8,17,26,102,66,11,12,26
South Carolina St.,N.C. A&T,2025-11-10,-1,62,55,12,24,28,85,62,15,19,33
SIUE,Indiana St.,2025-11-10,1,55,64,14,15,13,64,60,14,17,17
The Citadel,Charleston So.,2025-11-10,1,86,57,6,8,30,96,66,14,9,21
Charleston So.,The Citadel,2025-11-10,-1,96,66,14,9,21,86,57,6,8,30
LSU,New Orleans,2025-11-10,1,93,71,18,7,28,58,67,12,9,17
TCU,Lamar University,2025-11-10,1,78,53,13,13,24,65,60,10,9,12
Lindenwood,Saint Louis,2025-11-10,-1,66,55,10,24,26,109,57,11,20,31
Milwaukee,Little Rock,2025-11-10,1,92,56,9,11,23,72,56,8,15,15
Saint Louis,Lindenwood,2025-11-10,1,109,57,11,20,31,66,55,10,24,26
Mississippi St.,Iowa St.,2025-11-10,0,80,58,15,26,14,96,70,15,9,25
Lamar University,TCU,2025-11-10,-1,65,60,10,9,12,78,53,13,13,24
Little Rock,Milwaukee,2025-11-10,-1,72,56,8,15,15,92,56,9,11,23
New Orleans,LSU,2025-11-10,-1,58,67,12,9,17,93,71,18,7,28
Iowa St.,Mississippi St.,2025-11-10,0,96,70,15,9,25,80,58,15,26,14
Northwestern,Cleveland St.,2025-11-10,1,110,68,11,7,22,63,60,10,17,13
Xavier,Santa Clara,2025-11-10,1,68,56,13,13,34,87,64,12,11,17
Santa Clara,Xavier,2025-11-10,-1,87,64,12,11,17,68,56,13,13,34
Cleveland St.,Northwestern,2025-11-10,-1,63,60,10,17,13,110,68,11,7,22
Southeastern La.,Georgia Tech,2025-11-10,-1,60,60,9,20,15,70,51,9,20,26
Utah,Holy Cross,2025-11-10,1,87,60,7,6,19,69,57,5,8,21
Georgia Tech,Southeastern La.,2025-11-10,1,70,51,9,20,26,60,60,9,20,15
NIU,Grand Canyon,2025-11-10,-1,59,49,7,21,21,88,61,14,15,19
Holy Cross,Utah,2025-11-10,-1,69,57,5,8,21,87,60,7,6,19
Grand Canyon,NIU,2025-11-10,1,88,61,14,15,19,59,49,7,21,21
Washington St.,St. Thomas (MN),2025-11-10,1,81,54,8,15,16,71,53,1,9,16
St. Thomas (MN),Washington St.,2025-11-10,-1,71,53,1,9,16,81,54,8,15,16
UCLA,West Ga.,2025-11-10,1,83,55,13,11,26,62,51,8,17,11
California,Cal St. Fullerton,2025-11-10,1,93,68,12,8,30,65,69,12,14,11
Cal St. Fullerton,California,2025-11-10,-1,65,69,12,14,11,93,68,12,8,30
West Ga.,UCLA,2025-11-10,-1,62,51,8,17,11,83,55,13,11,26
Kansas City,Iona,2025-11-11,1,91,74,15,18,21,105,72,11,18,14
Iona,Kansas City,2025-11-11,-1,105,72,11,18,14,91,74,15,18,21
Air Force,LIU,2025-11-11,1,72,58,14,13,25,76,56,18,15,35
LIU,Air Force,2025-11-11,-1,76,56,18,15,35,72,58,14,13,25
UMBC,Morgan St.,2025-11-11,-1,81,49,6,18,24,79,70,14,9,13
Morgan St.,UMBC,2025-11-11,1,79,70,14,9,13,81,49,6,18,24
Wake Forest,Michigan,2025-11-11,0,84,84,18,13,21,85,62,13,17,37
Penn St.,Navy,2025-11-11,1,80,61,11,9,18,71,54,7,16,14
UNC Asheville,Lipscomb,2025-11-11,1,69,48,9,15,24,64,63,16,10,15
Lipscomb,UNC Asheville,2025-11-11,-1,64,63,16,10,15,69,48,9,15,24
Michigan,Wake Forest,2025-11-11,0,85,62,13,17,37,84,84,18,13,21
App State,Ohio St.,2025-11-11,-1,53,56,7,9,8,75,54,12,4,32
Ohio St.,App State,2025-11-11,1,75,54,12,4,32,53,56,7,9,8
Navy,Penn St.,2025-11-11,-1,71,54,7,16,14,80,61,11,9,18
Mount St. Mary's,Saint Francis,2025-11-11,-1,74,52,7,16,18,66,65,16,11,18
Boston College,Central Conn. St.,2025-11-11,1,59,67,15,10,9,60,60,12,12,10
Rhode Island,Stonehill,2025-11-11,1,80,60,10,11,22,57,52,12,21,21
Bucknell,Princeton,2025-11-11,-1,63,51,6,13,21,73,53,10,12,29
Butler,Chicago St.,2025-11-11,1,98,57,11,14,30,66,56,6,16,13
Loyola Maryland,NJIT,2025-11-11,1,64,58,14,14,20,66,56,13,13,26
Clemson,Morehead St.,2025-11-11,1,83,62,15,5,18,56,62,19,11,11
North Ala.,Northwestern St.,2025-11-11,1,87,58,14,13,37,83,56,6,11,29
Toledo,Wright St.,2025-11-11,-1,81,55,13,15,19,71,47,6,19,15
La Salle,Temple,2025-11-11,-1,63,54,9,10,24,90,68,16,8,14
Northwestern St.,North Ala.,2025-11-11,-1,83,56,6,11,29,87,58,14,13,37
Providence,Penn,2025-11-11,1,106,67,14,15,23,81,70,12,10,24
Davidson,Charlotte,2025-11-11,-1,62,47,5,11,12,55,54,16,10,20
Princeton,Bucknell,2025-11-11,1,73,53,10,12,29,63,51,6,13,21
Ga. Southern,FGCU,2025-11-11,-1,95,58,6,11,18,94,83,27,13,11
Drexel,Colgate,2025-11-11,-1,83,67,15,11,15,90,46,3,13,27
High Point,Jacksonville,2025-11-11,1,85,62,10,3,30,64,60,13,14,16
Duke,Army West Point,2025-11-11,-1,114,65,13,10,29,59,68,10,17,7
Northeastern,Harvard,2025-11-11,-1,77,60,12,8,23,60,46,9,18,24
NJIT,Loyola Maryland,2025-11-11,-1,66,56,13,13,26,64,58,14,14,20
Dayton,Cincinnati,2025-11-11,-1,62,62,6,13,27,74,45,6,24,37
Harvard,Northeastern,2025-11-11,1,60,46,9,18,24,77,60,12,8,23
Florida A&M,UCF,2025-11-11,-1,60,55,7,16,22,97,66,15,16,16
Central Conn. St.,Boston College,2025-11-11,-1,60,60,12,12,10,59,67,15,10,9
Florida St.,Florida,2025-11-11,-1,76,68,8,10,25,78,64,17,18,32
Colgate,Drexel,2025-11-11,1,90,46,3,13,27,83,67,15,11,15
Florida,Florida St.,2025-11-11,1,78,64,17,18,32,76,68,8,10,25
Richmond,William & Mary,2025-11-11,1,90,64,22,15,46,86,63,9,7,31
Sacred Heart,Villanova,2025-11-11,-1,60,56,9,17,3,94,62,12,13,6
Morehead St.,Clemson,2025-11-11,-1,56,62,19,11,11,83,62,15,5,18
Army West Point,Duke,2025-11-11,1,59,68,10,17,7,114,65,13,10,29
Penn,Providence,2025-11-11,-1,81,70,12,10,24,106,67,14,15,23
Old Dominion,Norfolk St.,2025-11-11,1,60,51,9,9,19,57,56,15,12,13
Radford,North Carolina,2025-11-11,-1,74,70,14,11,31,89,65,18,11,49
Winthrop,Coastal Carolina,2025-11-11,-1,66,59,6,8,23,72,53,9,17,21
Charlotte,Davidson,2025-11-11,1,55,54,16,10,20,62,47,5,11,12
Wagner,Fordham,2025-11-11,-1,61,59,13,10,6,63,53,9,7,21
FGCU,Ga. Southern,2025-11-11,1,94,83,27,13,11,95,58,6,11,18
Norfolk St.,Old Dominion,2025-11-11,-1,57,56,15,12,13,60,51,9,9,19
Chicago St.,Butler,2025-11-11,-1,66,56,6,16,13,98,57,11,14,30
Maryland,Alcorn,2025-11-11,1,84,56,14,17,27,64,54,8,21,11
Temple,La Salle,2025-11-11,1,90,68,16,8,14,63,54,9,10,24
Saint Francis,Mount St. Mary's,2025-11-11,1,66,65,16,11,18,74,52,7,16,18
William & Mary,Richmond,2025-11-11,-1,86,63,9,7,31,90,64,22,15,46
Coastal Carolina,Winthrop,2025-11-11,1,72,53,9,17,21,66,59,6,8,23
UCF,Florida A&M,2025-11-11,1,97,66,15,16,16,60,55,7,16,22
North Carolina,Radford,2025-11-11,1,89,65,18,11,49,74,70,14,11,31
Alcorn,Maryland,2025-11-11,-1,64,54,8,21,11,84,56,14,17,27
Villanova,Sacred Heart,2025-11-11,1,94,62,12,13,6,60,56,9,17,3
Cincinnati,Dayton,2025-11-11,1,74,45,6,24,37,62,62,6,13,27
Jacksonville,High Point,2025-11-11,-1,64,60,13,14,16,85,62,10,3,30
Wright St.,Toledo,2025-11-11,1,71,47,6,19,15,81,55,13,15,19
Stonehill,Rhode Island,2025-11-11,-1,57,52,12,21,21,80,60,10,11,22
Fordham,Wagner,2025-11-11,1,63,53,9,7,21,61,59,13,10,6
UAB,Alabama St.,2025-11-11,1,74,70,15,12,18,77,65,12,11,20
Notre Dame,Eastern Ill.,2025-11-11,1,78,60,17,10,15,58,54,9,11,12
Eastern Ill.,Notre Dame,2025-11-11,-1,58,54,9,11,12,78,60,17,10,15
Alabama St.,UAB,2025-11-11,-1,77,65,12,11,20,74,70,15,12,18
Yale,Quinnipiac,2025-11-11,-1,97,64,12,13,14,60,61,12,17,11
Quinnipiac,Yale,2025-11-11,1,60,61,12,17,11,97,64,12,13,14
Wofford,Auburn,2025-11-11,-1,62,62,8,13,10,93,71,20,11,18
UMES,Nebraska,2025-11-11,-1,50,58,10,16,9,69,61,11,7,18
Louisville,Kentucky,2025-11-11,1,96,69,13,6,31,88,68,13,14,16
Kentucky,Louisville,2025-11-11,-1,88,68,13,14,16,96,69,13,6,31
Queens (NC),Duquesne,2025-11-11,-1,81,70,14,16,27,87,66,9,16,30
CSUN,North Dakota St.,2025-11-11,-1,68,66,13,20,16,90,76,18,10,26
Murray St.,SMU,2025-11-11,-1,91,62,8,15,24,102,74,17,11,30
SMU,Murray St.,2025-11-11,1,102,74,17,11,30,91,62,8,15,24
Arkansas St.,Missouri St.,2025-11-11,-1,86,65,14,16,29,85,56,7,12,37
DePaul,Buffalo,2025-11-11,1,53,51,13,20,20,66,52,9,12,27
Nebraska,UMES,2025-11-11,1,69,61,11,7,18,50,58,10,16,9
Merrimack,Tarleton St.,2025-11-11,-1,62,58,16,21,24,76,57,13,17,25
Central Ark.,Arkansas,2025-11-11,-1,56,67,10,8,21,93,63,8,8,22
Arkansas,Central Ark.,2025-11-11,1,93,63,8,8,22,56,67,10,8,21
Rice,SFA,2025-11-11,1,69,57,15,8,34,81,55,7,10,23
Duquesne,Queens (NC),2025-11-11,1,87,66,9,16,30,81,70,14,16,27
Kansas,A&M-Corpus Christi,2025-11-11,1,77,50,7,18,22,46,59,6,12,13
Tulane,Louisiana,2025-11-11,-1,66,46,5,10,27,62,58,12,8,21
North Dakota St.,CSUN,2025-11-11,1,90,76,18,10,26,68,66,13,20,16
Tarleton St.,Merrimack,2025-11-11,1,76,57,13,17,25,62,58,16,21,24
Oklahoma,Ark.-Pine Bluff,2025-11-11,1,95,67,19,9,24,69,63,14,15,15
Louisiana,Tulane,2025-11-11,1,62,58,12,8,21,66,46,5,10,27
Buffalo,DePaul,2025-11-11,-1,66,52,9,12,27,53,51,13,20,20
Ark.-Pine Bluff,Oklahoma,2025-11-11,-1,69,63,14,15,15,95,67,19,9,24
Auburn,Wofford,2025-11-11,1,93,71,20,11,18,62,62,8,13,10
A&M-Corpus Christi,Kansas,2025-11-11,-1,46,59,6,12,13,77,50,7,18,22
SFA,Rice,2025-11-11,-1,81,55,7,10,23,69,57,15,8,34
Missouri St.,Arkansas St.,2025-11-11,1,85,56,7,12,37,86,65,14,16,29
Wyoming,Austin Peay,2025-11-11,1,79,63,13,16,23,65,59,10,16,24
Austin Peay,Wyoming,2025-11-11,-1,65,59,10,16,24,79,63,13,16,23
Texas Tech,Illinois,2025-11-11,-1,77,64,7,13,4,81,59,11,13,23
Wisconsin,Ball St.,2025-11-11,1,86,64,15,15,8,55,53,8,14,21
Ball St.,Wisconsin,2025-11-11,-1,55,53,8,14,21,86,64,15,15,8
Illinois,Texas Tech,2025-11-11,1,81,59,11,13,23,77,64,7,13,4
UC Riverside,New Mexico,2025-11-11,-1,68,51,5,14,13,82,63,9,5,17
UTRGV,Boise St.,2025-11-11,-1,65,53,4,16,22,85,57,15,20,29
LMU (CA),UTEP,2025-11-11,-1,71,52,9,19,5,58,57,9,8,12
Virginia,Hampton,2025-11-11,1,91,60,15,13,17,53,63,11,11,11
Memphis,Ole Miss,2025-11-11,-1,77,60,9,7,20,83,52,7,7,33
New Mexico,UC Riverside,2025-11-11,1,82,63,9,5,17,68,51,5,14,13
Boise St.,UTRGV,2025-11-11,1,85,57,15,20,29,65,53,4,16,22
Arizona,Northern Ariz.,2025-11-11,1,84,60,13,14,21,49,62,11,17,7
Northern Ariz.,Arizona,2025-11-11,-1,49,62,11,17,7,84,60,13,14,21
UTEP,LMU (CA),2025-11-11,1,58,57,9,8,12,71,52,9,19,5
Delaware,BYU,2025-11-11,-1,68,58,7,5,9,85,66,19,7,15
BYU,Delaware,2025-11-11,1,85,66,19,7,15,68,58,7,5,9
Ole Miss,Memphis,2025-11-11,1,83,52,7,7,33,77,60,9,7,20
Hampton,Virginia,2025-11-11,-1,53,63,11,11,11,91,60,15,13,17
Western Ill.,CSU Bakersfield,2025-11-11,-1,58,54,13,17,18,74,58,13,13,20
CSU Bakersfield,Western Ill.,2025-11-11,1,74,58,13,13,20,58,54,13,17,18
UC Santa Barbara,Sacramento St.,2025-11-11,-1,92,63,10,8,25,87,59,8,12,23
UNLV,Montana,2025-11-11,1,93,69,11,10,27,102,65,10,13,27
Saint Mary's (CA),Ohio,2025-11-11,1,90,62,13,9,22,60,64,11,14,7
Creighton,Gonzaga,2025-11-11,-1,63,49,9,18,31,90,70,11,8,13
Gonzaga,Creighton,2025-11-11,1,90,70,11,8,13,63,49,9,18,31
Montana,UNLV,2025-11-11,-1,102,65,10,13,27,93,69,11,10,27
Sacramento St.,UC Santa Barbara,2025-11-11,1,87,59,8,12,23,92,63,10,8,25
Ohio,Saint Mary's (CA),2025-11-11,-1,60,64,11,14,7,90,62,13,9,22
Georgetown,Binghamton,2025-11-12,1,83,67,15,4,21,70,49,6,13,25
Binghamton,Georgetown,2025-11-12,-1,70,49,6,13,25,83,67,15,4,21
Indiana,Milwaukee,2025-11-12,1,101,60,11,7,27,70,62,13,15,18
American,George Washington,2025-11-12,-1,67,62,5,16,8,107,59,13,13,33
South Carolina,Presbyterian,2025-11-12,1,81,57,13,6,32,61,59,14,10,20
James Madison,Longwood,2025-11-12,-1,72,58,7,11,19,82,56,14,7,42
Coppin St.,South Fla.,2025-11-12,-1,50,52,12,18,22,100,67,20,9,27
Milwaukee,Indiana,2025-11-12,-1,70,62,13,15,18,101,60,11,7,27
Northern Ky.,ETSU,2025-11-12,-1,63,63,15,18,14,75,44,3,18,27
ETSU,Northern Ky.,2025-11-12,1,75,44,3,18,27,63,63,15,18,14
Western Mich.,Purdue Fort Wayne,2025-11-12,1,83,73,18,15,15,71,72,14,9,16
Siena,St. Bonaventure,2025-11-12,-1,66,53,15,14,24,75,59,13,12,15
Purdue Fort Wayne,Western Mich.,2025-11-12,-1,71,72,14,9,16,83,73,18,15,15
George Washington,American,2025-11-12,1,107,59,13,13,33,67,62,5,16,8
Brown,Boston U.,2025-11-12,-1,77,53,9,9,23,90,51,9,13,19
Marshall,Elon,2025-11-12,1,96,61,9,14,22,89,70,14,10,22
Tennessee,North Florida,2025-11-12,1,99,71,20,14,24,66,65,12,17,12
Virginia Tech,Saint Joseph's,2025-11-12,1,94,73,12,7,12,59,67,14,19,5
Saint Peter's,VCU,2025-11-12,-1,61,61,17,14,19,78,49,13,17,35
Mercyhurst,Canisius,2025-11-12,-1,55,53,6,11,8,58,41,5,13,26
North Florida,Tennessee,2025-11-12,-1,66,65,12,17,12,99,71,20,14,24
South Fla.,Coppin St.,2025-11-12,1,100,67,20,9,27,50,52,12,18,22
Canisius,Mercyhurst,2025-11-12,1,58,41,5,13,26,55,53,6,11,8
St. Bonaventure,Siena,2025-11-12,1,75,59,13,12,15,66,53,15,14,24
Boston U.,Brown,2025-11-12,1,90,51,9,13,19,77,53,9,9,23
Presbyterian,South Carolina,2025-11-12,-1,61,59,14,10,20,81,57,13,6,32
Elon,Marshall,2025-11-12,-1,89,70,14,10,22,96,61,9,14,22
Saint Joseph's,Virginia Tech,2025-11-12,-1,59,67,14,19,5,94,73,12,7,12
Longwood,James Madison,2025-11-12,1,82,56,14,7,42,72,58,7,11,19
VCU,Saint Peter's,2025-11-12,1,78,49,13,17,35,61,61,17,14,19
Houston,Oakland,2025-11-12,1,78,71,18,6,8,45,51,10,13,15
Missouri,Minnesota,2025-11-12,1,83,49,3,9,20,60,54,14,11,17
Eastern Ky.,Vanderbilt,2025-11-12,-1,62,60,10,14,19,92,69,14,10,16
Minnesota,Missouri,2025-11-12,-1,60,54,14,11,17,83,49,3,9,20
Texas St.,UTSA,2025-11-12,1,80,67,18,9,26,69,59,10,11,22
Evansville,Middle Tenn.,2025-11-12,1,72,54,6,12,24,77,61,9,11,17
Texas,FDU,2025-11-12,1,93,65,16,9,34,58,67,10,9,13
Prairie View,Oklahoma St.,2025-11-12,-1,67,64,5,12,14,94,73,19,14,27
NC State,UNC Greensboro,2025-11-12,1,110,68,9,4,23,64,47,8,16,41
Oklahoma St.,Prairie View,2025-11-12,1,94,73,19,14,27,67,64,5,12,14
UNC Greensboro,NC State,2025-11-12,-1,64,47,8,16,41,110,68,9,4,23
Tulsa,Oral Roberts,2025-11-12,-1,88,55,12,12,36,87,60,6,10,20
Nicholls,Valparaiso,2025-11-12,-1,63,51,8,15,13,68,53,11,9,23
Southern Ind.,South Dakota,2025-11-12,-1,74,62,9,15,33,89,57,13,18,46
Middle Tenn.,Evansville,2025-11-12,-1,77,61,9,11,17,72,54,6,12,24
FDU,Texas,2025-11-12,-1,58,67,10,9,13,93,65,16,9,34
Valparaiso,Nicholls,2025-11-12,1,68,53,11,9,23,63,51,8,15,13
Oakland,Houston,2025-11-12,-1,45,51,10,13,15,78,71,18,6,8
South Dakota,Southern Ind.,2025-11-12,1,89,57,13,18,46,74,62,9,15,33
Marquette,Little Rock,2025-11-12,1,89,65,16,9,18,49,52,11,20,13
Vanderbilt,Eastern Ky.,2025-11-12,1,92,69,14,10,16,62,60,10,14,19
Little Rock,Marquette,2025-11-12,-1,49,52,11,20,13,89,65,16,9,18
UTSA,Texas St.,2025-11-12,-1,69,59,10,11,22,80,67,18,9,26
Oral Roberts,Tulsa,2025-11-12,1,87,60,6,10,20,88,55,12,12,36
UT Martin,Bradley,2025-11-12,-1,78,50,7,23,17,67,51,10,14,37
Bryant,Dartmouth,2025-11-12,1,82,61,5,7,22,75,65,9,12,16
Dartmouth,Bryant,2025-11-12,-1,75,65,9,12,16,82,61,5,7,22
Texas Southern,Samford,2025-11-12,1,90,65,6,6,21,93,57,8,10,44
Samford,Texas Southern,2025-11-12,-1,93,57,8,10,44,90,65,6,6,21
Bradley,UT Martin,2025-11-12,1,67,51,10,14,37,78,50,7,23,17
San Diego,Idaho,2025-11-12,1,78,56,8,13,11,74,59,19,16,25
Utah St.,Weber St.,2025-11-12,1,83,64,12,6,29,73,57,13,13,28
Colorado St.,Cal Poly,2025-11-12,1,93,60,6,11,20,79,63,9,13,18
Fresno St.,UC San Diego,2025-11-12,1,73,59,13,14,21,78,60,12,18,13
Idaho,San Diego,2025-11-12,-1,74,59,19,16,25,78,56,8,13,11
Cal Poly,Colorado St.,2025-11-12,-1,79,63,9,13,18,93,60,6,11,20
Weber St.,Utah St.,2025-11-12,-1,73,57,13,13,28,83,64,12,6,29
UC San Diego,Fresno St.,2025-11-12,-1,78,60,12,18,13,73,59,13,14,21
North Texas,Oregon St.,2025-11-12,-1,64,54,12,14,16,66,46,6,9,28
Utah Tech,Manhattan,2025-11-12,0,75,68,18,8,15,79,54,11,12,20
South Dakota St.,Oregon,2025-11-12,-1,69,59,7,11,14,83,62,8,10,16
Oregon,South Dakota St.,2025-11-12,1,83,62,8,10,16,69,59,7,11,14
Manhattan,Utah Tech,2025-11-12,0,79,54,11,12,20,75,68,18,8,15
Oregon St.,North Texas,2025-11-12,1,66,46,6,9,28,64,54,12,14,16
Pacific,Long Beach St.,2025-11-12,1,69,52,13,16,30,66,56,11,13,21
Montana St.,Stanford,2025-11-12,-1,68,58,6,16,13,77,62,9,12,21
Portland St.,San Francisco,2025-11-12,-1,70,66,15,13,13,80,59,15,11,25
Nevada,Southern Ill.,2025-11-12,1,86,78,18,4,33,81,66,10,8,29
Stanford,Montana St.,2025-11-12,1,77,62,9,12,21,68,58,6,16,13
Southern Ill.,Nevada,2025-11-12,-1,81,66,10,8,29,86,78,18,4,33
Long Beach St.,Pacific,2025-11-12,-1,66,56,11,13,21,69,52,13,16,30
Eastern Wash.,Seattle U,2025-11-12,-1,67,58,8,15,17,94,57,5,16,13
San Francisco,Portland St.,2025-11-12,1,80,59,15,11,25,70,66,15,13,13
Seattle U,Eastern Wash.,2025-11-12,1,94,57,5,16,13,67,58,8,15,17
Mississippi Val.,Hawaii,2025-11-12,-1,56,59,9,9,15,88,56,14,11,29
Hawaii,Mississippi Val.,2025-11-12,1,88,56,14,11,29,56,59,9,9,15
Central Mich.,South Alabama,2025-11-13,0,64,64,18,11,10,66,55,12,8,23
South Alabama,Central Mich.,2025-11-13,0,66,55,12,8,23,64,64,18,11,10
Pittsburgh,West Virginia,2025-11-13,-1,49,53,6,12,6,71,56,8,6,21
West Virginia,Pittsburgh,2025-11-13,1,71,56,8,6,21,49,53,6,12,6
Cornell,Lafayette,2025-11-13,-1,97,67,11,11,17,78,63,9,9,26
Lafayette,Cornell,2025-11-13,1,78,63,9,9,26,97,67,11,11,17
San Jose St.,Michigan St.,2025-11-13,-1,60,56,7,9,18,79,58,13,9,25
Michigan St.,San Jose St.,2025-11-13,1,79,58,13,9,25,60,56,7,9,18
Purdue,Alabama,2025-11-13,-1,87,66,19,10,23,80,66,7,6,10
Monmouth,Seton Hall,2025-11-13,-1,58,43,9,20,27,70,62,16,8,27
Alcorn,Howard,2025-11-13,-1,64,58,6,11,12,72,49,10,17,19
Massachusetts,Le Moyne,2025-11-13,1,94,66,13,14,20,80,61,8,10,28
Alabama,Purdue,2025-11-13,1,80,66,7,6,10,87,66,19,10,23
Seton Hall,Monmouth,2025-11-13,1,70,62,16,8,27,58,43,9,20,27
UMass Lowell,Columbia,2025-11-13,-1,72,59,10,14,14,86,63,23,17,26
Howard,Alcorn,2025-11-13,1,72,49,10,17,19,64,58,6,11,12
Le Moyne,Massachusetts,2025-11-13,-1,80,61,8,10,28,94,66,13,14,20
Columbia,UMass Lowell,2025-11-13,1,86,63,23,17,26,72,59,10,14,14
Southern Miss.,Grambling,2025-11-13,-1,70,63,18,11,29,75,50,5,17,16
Wichita St.,Loyola Chicago,2025-11-13,1,95,68,14,2,19,74,57,11,11,18
Grambling,Southern Miss.,2025-11-13,1,75,50,5,17,16,70,63,18,11,29
Loyola Chicago,Wichita St.,2025-11-13,-1,74,57,11,11,18,95,68,14,2,19
ULM,Houston Christian,2025-11-13,-1,61,57,4,15,7,72,64,10,10,10
LSU,FIU,2025-11-13,1,98,61,12,14,34,81,71,14,10,21
Alabama A&M,Charleston So.,2025-11-13,1,68,67,16,14,12,64,55,14,18,19
FIU,LSU,2025-11-13,-1,81,71,14,10,21,98,61,12,14,34
Green Bay,St. Thomas (MN),2025-11-13,-1,61,56,8,15,14,80,60,3,9,10
Charleston So.,Alabama A&M,2025-11-13,-1,64,55,14,18,19,68,67,16,14,12
Houston Christian,ULM,2025-11-13,1,72,64,10,10,10,61,57,4,15,7
St. Thomas (MN),Green Bay,2025-11-13,1,80,60,3,9,10,61,56,8,15,14
California,Kansas St.,2025-11-13,-1,96,62,9,17,14,99,59,6,17,21
Kansas St.,California,2025-11-13,1,99,59,6,17,21,96,62,9,17,14
Coppin St.,Central Mich.,2025-11-14,0,59,62,13,13,18,82,67,14,11,15
Central Mich.,Coppin St.,2025-11-14,0,82,67,14,11,15,59,62,13,13,18
Eastern Mich.,IU Indy,2025-11-14,1,83,73,18,13,21,90,64,9,18,13
Lehigh,Rutgers,2025-11-14,-1,72,61,7,9,16,84,61,14,10,27
Lindenwood,Charleston So.,2025-11-14,0,83,64,12,11,31,77,65,10,16,16
IU Indy,Eastern Mich.,2025-11-14,-1,90,64,9,18,13,83,73,18,13,21
Charleston So.,Lindenwood,2025-11-14,0,77,65,10,16,16,83,64,12,11,31
Rutgers,Lehigh,2025-11-14,1,84,61,14,10,27,72,61,7,9,16
Stonehill,Fairfield,2025-11-14,-1,71,68,5,10,11,73,67,8,6,24
Jacksonville St.,Coastal Carolina,2025-11-14,1,74,57,9,8,23,67,63,12,9,16
Fordham,Iona,2025-11-14,-1,71,75,19,11,8,76,59,6,7,18
Rhode Island,UAlbany,2025-11-14,1,80,59,15,9,28,61,61,18,16,14
Duke,Indiana St.,2025-11-14,1,100,71,16,12,21,62,61,10,18,15
Indiana St.,Duke,2025-11-14,-1,62,61,10,18,15,100,71,16,12,21
Furman,UNI,2025-11-14,-1,54,56,8,13,11,70,54,7,7,17
Towson,Norfolk St.,2025-11-14,1,51,59,16,8,18,41,65,17,6,11
McNeese,Louisiana,2025-11-14,1,88,45,8,11,39,62,54,15,17,23
Bucknell,Hofstra,2025-11-14,1,77,59,11,17,21,83,57,10,12,32
Norfolk St.,Towson,2025-11-14,-1,41,65,17,6,11,51,59,16,8,18
Eastern Ill.,Kentucky,2025-11-14,-1,53,52,5,11,19,99,64,16,13,16
Iona,Fordham,2025-11-14,1,76,59,6,7,18,71,75,19,11,8
South Carolina St.,Col. of Charleston,2025-11-14,-1,61,60,17,12,27,88,61,16,7,31
Col. of Charleston,South Carolina St.,2025-11-14,1,88,61,16,7,31,61,60,17,12,27
UNI,Furman,2025-11-14,1,70,54,7,7,17,54,56,8,13,11
Hofstra,Bucknell,2025-11-14,-1,83,57,10,12,32,77,59,11,17,21
West Ga.,The Citadel,2025-11-14,1,100,65,12,9,27,92,70,11,8,21
The Citadel,West Ga.,2025-11-14,-1,92,70,11,8,21,100,65,12,9,27
UAlbany,Rhode Island,2025-11-14,-1,61,61,18,16,14,80,59,15,9,28
Kentucky,Eastern Ill.,2025-11-14,1,99,64,16,13,16,53,52,5,11,19
Coastal Carolina,Jacksonville St.,2025-11-14,-1,67,63,12,9,16,74,57,9,8,23
Louisiana,McNeese,2025-11-14,-1,62,54,15,17,23,88,45,8,11,39
Fairfield,Stonehill,2025-11-14,1,73,67,8,6,24,71,68,5,10,11
Drake,SIUE,2025-11-14,1,59,60,11,8,8,61,60,12,9,9
SIUE,Drake,2025-11-14,-1,61,60,12,9,9,59,60,11,8,8
UAB,High Point,2025-11-14,1,91,59,9,11,35,74,60,11,15,31
Ole Miss,CSU Bakersfield,2025-11-14,1,82,66,20,4,25,60,49,11,13,25
Illinois St.,Southern California,2025-11-14,0,67,70,17,11,13,87,57,10,4,35
High Point,UAB,2025-11-14,-1,74,60,11,15,31,91,59,9,11,35
Tulane,New Orleans,2025-11-14,1,63,52,8,5,34,85,48,9,14,28
New Orleans,Tulane,2025-11-14,-1,85,48,9,14,28,63,52,8,5,34
CSU Bakersfield,Ole Miss,2025-11-14,-1,60,49,11,13,25,82,66,20,4,25
Southern California,Illinois St.,2025-11-14,0,87,57,10,4,35,67,70,17,11,13
Texas Tech,Milwaukee,2025-11-14,1,80,63,15,9,14,63,55,9,13,15
Texas A&M,UCF,2025-11-14,1,74,57,10,14,30,86,56,6,16,17
Samford,Arkansas,2025-11-14,-1,75,68,9,8,10,79,62,9,9,22
Iowa,Xavier,2025-11-14,1,81,51,8,14,27,62,59,7,12,14
Milwaukee,Texas Tech,2025-11-14,-1,63,55,9,13,15,80,63,15,9,14
Rice,East Texas A&M,2025-11-14,1,71,51,11,18,15,64,53,6,14,13
Creighton,UMES,2025-11-14,1,84,67,17,9,11,45,50,6,18,6
UCF,Texas A&M,2025-11-14,-1,86,56,6,16,17,74,57,10,14,30
UMES,Creighton,2025-11-14,-1,45,50,6,18,6,84,67,17,9,11
Xavier,Iowa,2025-11-14,-1,62,59,7,12,14,81,51,8,14,27
Arkansas,Samford,2025-11-14,1,79,62,9,9,22,75,68,9,8,10
East Texas A&M,Rice,2025-11-14,-1,64,53,6,14,13,71,51,11,18,15
Hampton,Brown,2025-11-14,-1,72,59,20,12,28,63,46,9,19,15
Brown,Hampton,2025-11-14,1,63,46,9,19,15,72,59,20,12,28
DePaul,Northwestern,2025-11-14,1,79,59,16,13,27,81,50,6,11,24
Northwestern,DePaul,2025-11-14,-1,81,50,6,11,24,79,59,16,13,27
TCU,Michigan,2025-11-14,1,63,62,10,11,15,67,53,15,22,20
Tarleton St.,Baylor,2025-11-14,-1,81,64,18,21,14,94,57,9,15,20
Montana,Cal Poly,2025-11-14,1,90,64,9,12,29,82,69,12,14,21
N.C. Central,North Carolina,2025-11-14,-1,53,66,14,9,20,97,55,12,10,35
Georgia Tech,Georgia,2025-11-14,-1,87,73,18,15,28,92,67,18,14,44
Georgia,Georgia Tech,2025-11-14,1,92,67,18,14,44,87,73,18,15,28
Abilene Christian,SFA,2025-11-14,-1,66,57,10,11,19,76,53,6,8,26
SFA,Abilene Christian,2025-11-14,1,76,53,6,8,26,66,57,10,11,19
Colorado,Providence,2025-11-14,1,97,66,12,11,27,88,65,9,10,31
Colgate,Illinois,2025-11-14,-1,65,62,6,5,9,84,69,19,7,24
North Carolina,N.C. Central,2025-11-14,1,97,55,12,10,35,53,66,14,9,20
Baylor,Tarleton St.,2025-11-14,1,94,57,9,15,20,81,64,18,21,14
Cal Poly,Montana,2025-11-14,-1,82,69,12,14,21,90,64,9,12,29
Illinois,Colgate,2025-11-14,1,84,69,19,7,24,65,62,6,5,9
Sacramento St.,UC Davis,2025-11-14,-1,73,59,11,14,21,77,56,9,13,27
Providence,Colorado,2025-11-14,-1,88,65,9,10,31,97,66,12,11,27
Michigan,TCU,2025-11-14,-1,67,53,15,22,20,63,62,10,11,15
UC Davis,Sacramento St.,2025-11-14,1,77,56,9,13,27,73,59,11,14,21
Mississippi Val.,Utah Tech,2025-11-14,0,75,66,8,12,11,81,63,14,11,28
Utah Tech,Mississippi Val.,2025-11-14,0,81,63,14,11,28,75,66,8,12,11
UCLA,Arizona,2025-11-14,0,65,58,9,16,8,69,55,11,15,15
LMU (CA),Troy,2025-11-14,1,74,59,6,11,11,63,49,9,20,20
Arizona,UCLA,2025-11-14,0,69,55,11,15,15,65,58,9,16,8
North Texas,Saint Mary's (CA),2025-11-14,-1,49,63,10,8,14,80,61,20,15,21
Troy,LMU (CA),2025-11-14,-1,63,49,9,20,20,74,59,6,11,11
Saint Mary's (CA),North Texas,2025-11-14,1,80,61,20,15,21,49,63,10,8,14
Western Ill.,California Baptist,2025-11-14,-1,59,50,4,8,21,69,67,21,6,20
California Baptist,Western Ill.,2025-11-14,1,69,67,21,6,20,59,50,4,8,21
Arizona St.,Gonzaga,2025-11-14,1,65,58,10,10,23,77,51,11,14,35
Washington St.,Washington,2025-11-14,1,69,62,12,7,10,81,56,11,7,23
Gonzaga,Arizona St.,2025-11-14,-1,77,51,11,14,35,65,58,10,10,23
Washington,Washington St.,2025-11-14,-1,81,56,11,7,23,69,62,12,7,10
Manhattan,Hawaii,2025-11-14,-1,56,56,6,12,20,86,66,15,10,26
Hawaii,Manhattan,2025-11-14,1,86,66,15,10,26,56,56,6,12,20
Coppin St.,South Alabama,2025-11-15,0,62,56,9,13,17,72,63,14,9,15
South Alabama,Coppin St.,2025-11-15,0,72,63,14,9,15,62,56,9,13,17
Clemson,Georgetown,2025-11-15,-1,74,61,11,10,20,79,53,6,8,32
Louisville,Ohio,2025-11-15,1,106,68,17,11,30,81,59,12,17,26
Georgetown,Clemson,2025-11-15,1,79,53,6,8,32,74,61,11,10,20
Marshall,Virginia,2025-11-15,-1,78,60,11,15,24,104,63,13,9,36
Virginia,Marshall,2025-11-15,1,104,63,13,9,36,78,60,11,15,24
Ohio,Louisville,2025-11-15,-1,81,59,12,17,26,106,68,17,11,30
Penn St.,La Salle,2025-11-15,0,83,57,6,7,11,69,50,8,15,15
Toledo,Detroit Mercy,2025-11-15,1,90,59,11,14,30,83,71,15,12,17
Cleveland St.,Kent St.,2025-11-15,0,95,60,15,15,30,102,59,14,11,46
Kent St.,Cleveland St.,2025-11-15,0,102,59,14,11,46,95,60,15,15,30
Northeastern,Vermont,2025-11-15,1,74,56,10,15,21,85,56,6,13,12
Jacksonville,VMI,2025-11-15,-1,69,55,12,19,10,67,55,9,15,11
Delaware St.,New Haven,2025-11-15,-1,52,57,6,11,10,65,47,8,17,20
La Salle,Penn St.,2025-11-15,0,69,50,8,15,15,83,57,6,7,11
Yale,Stony Brook,2025-11-15,1,86,48,10,10,33,79,50,6,12,17
Merrimack,Boston U.,2025-11-15,-1,91,54,9,11,16,79,54,8,10,19
Texas,Kansas City,2025-11-15,1,71,63,19,5,28,55,64,10,6,8
FGCU,Chattanooga,2025-11-15,1,91,66,13,8,15,73,53,7,10,30
Vermont,Northeastern,2025-11-15,-1,85,56,6,13,12,74,56,10,15,21
Chattanooga,FGCU,2025-11-15,-1,73,53,7,10,30,91,66,13,8,15
Stony Brook,Yale,2025-11-15,-1,79,50,6,12,17,86,48,10,10,33
VMI,Jacksonville,2025-11-15,1,67,55,9,15,11,69,55,12,19,10
Boston U.,Merrimack,2025-11-15,1,79,54,8,10,19,91,54,9,11,16
New Haven,Delaware St.,2025-11-15,1,65,47,8,17,20,52,57,6,11,10
Detroit Mercy,Toledo,2025-11-15,-1,83,71,15,12,17,90,59,11,14,30
Kansas City,Texas,2025-11-15,-1,55,64,10,6,8,71,63,19,5,28
Boston College,Temple,2025-11-15,-1,76,66,13,8,16,71,67,16,5,27
Temple,Boston College,2025-11-15,1,71,67,16,5,27,76,66,13,8,16
Air Force,Miami (OH),2025-11-15,1,61,51,6,12,22,76,64,11,11,5
Harvard,Army West Point,2025-11-15,-1,75,48,7,12,22,52,53,11,16,12
Wofford,Bellarmine,2025-11-15,-1,94,51,6,12,29,86,59,9,8,26
Maryland,Marquette,2025-11-15,-1,89,55,4,13,27,82,76,20,11,22
Miami (OH),Air Force,2025-11-15,-1,76,64,11,11,5,61,51,6,12,22
Kansas,Princeton,2025-11-15,1,76,53,9,14,28,57,58,8,13,16
Marquette,Maryland,2025-11-15,1,82,76,20,11,22,89,55,4,13,27
Stonehill,Loyola Maryland,2025-11-15,0,63,58,10,17,4,74,61,7,7,8
New Hampshire,George Mason,2025-11-15,-1,44,51,6,18,9,61,54,14,12,27
Mercer,Winthrop,2025-11-15,-1,69,56,7,19,26,105,66,13,11,37
Chicago St.,UIC,2025-11-15,1,63,56,12,11,16,67,50,13,14,28
Winthrop,Mercer,2025-11-15,1,105,66,13,11,37,69,56,7,19,26
UTSA,Denver,2025-11-15,-1,84,56,11,10,20,79,60,8,7,14
Butler,SMU,2025-11-15,-1,85,63,16,17,23,87,64,13,16,15
Army West Point,Harvard,2025-11-15,1,52,53,11,16,12,75,48,7,12,22
SMU,Butler,2025-11-15,1,87,64,13,16,15,85,63,16,17,23
Loyola Maryland,Stonehill,2025-11-15,0,74,61,7,7,8,63,58,10,17,4
UIC,Chicago St.,2025-11-15,-1,67,50,13,14,28,63,56,12,11,16
George Mason,New Hampshire,2025-11-15,1,61,54,14,12,27,44,51,6,18,9
Austin Peay,UNC Greensboro,2025-11-15,-1,69,65,11,12,16,63,54,5,12,24
Denver,UTSA,2025-11-15,1,79,60,8,7,14,84,56,11,10,20
Bellarmine,Wofford,2025-11-15,1,86,59,9,8,26,94,51,6,12,29
Princeton,Kansas,2025-11-15,-1,57,58,8,13,16,76,53,9,14,28
UNC Greensboro,Austin Peay,2025-11-15,1,63,54,5,12,24,69,65,11,12,16
Sacred Heart,Queens (NC),2025-11-15,-1,64,65,13,12,11,81,59,9,16,8
Longwood,Binghamton,2025-11-15,1,90,63,15,11,30,82,58,15,21,23
Mississippi St.,Southeastern La.,2025-11-15,1,75,55,9,16,23,68,66,10,10,18
Southeastern La.,Mississippi St.,2025-11-15,-1,68,66,10,10,18,75,55,9,16,23
North Ala.,ETSU,2025-11-15,1,74,55,11,14,21,78,63,8,7,14
Vanderbilt,Ark.-Pine Bluff,2025-11-15,1,104,71,19,7,33,75,57,8,13,26
Queens (NC),Sacred Heart,2025-11-15,1,81,59,9,16,8,64,65,13,12,11
St. Thomas (MN),Southeast Mo. St.,2025-11-15,-1,84,46,1,16,26,72,67,6,13,12
ETSU,North Ala.,2025-11-15,-1,78,63,8,7,14,74,55,11,14,21
Southeast Mo. St.,St. Thomas (MN),2025-11-15,1,72,67,6,13,12,84,46,1,16,26
Ark.-Pine Bluff,Vanderbilt,2025-11-15,-1,75,57,8,13,26,104,71,19,7,33
Binghamton,Longwood,2025-11-15,-1,82,58,15,21,23,90,63,15,11,30
Radford,Wright St.,2025-11-15,0,59,56,9,15,21,92,59,11,12,27
Drexel,Syracuse,2025-11-15,0,50,59,18,18,10,80,63,12,7,15
Syracuse,Drexel,2025-11-15,0,80,63,12,7,15,50,59,18,18,10
Wright St.,Radford,2025-11-15,0,92,59,11,12,27,59,56,9,15,21
Utah St.,UTEP,2025-11-15,1,75,48,14,17,36,51,51,8,16,19
Boise St.,Montana St.,2025-11-15,1,62,51,7,8,22,58,59,9,9,11
Morgan St.,Mercyhurst,2025-11-15,-1,72,51,18,16,38,86,57,13,11,28
St. Bonaventure,Youngstown St.,2025-11-15,1,84,55,10,15,20,80,59,10,13,18
UTEP,Utah St.,2025-11-15,-1,51,51,8,16,19,75,48,14,17,36
Montana St.,Boise St.,2025-11-15,-1,58,59,9,9,11,62,51,7,8,22
NJIT,FDU,2025-11-15,1,93,46,6,18,38,81,73,16,10,23
Youngstown St.,St. Bonaventure,2025-11-15,-1,80,59,10,13,18,84,55,10,15,20
UC San Diego,Idaho,2025-11-15,1,75,50,4,11,28,67,60,11,11,20
FDU,NJIT,2025-11-15,-1,81,73,16,10,23,93,46,6,18,38
Idaho,UC San Diego,2025-11-15,-1,67,60,11,11,20,75,50,4,11,28
Mercyhurst,Morgan St.,2025-11-15,1,86,57,13,11,28,72,51,18,16,38
Texas St.,Texas Southern,2025-11-15,1,77,45,8,17,32,67,54,11,16,29
North Dakota,UC Riverside,2025-11-15,-1,76,65,10,11,14,74,53,8,21,21
Texas Southern,Texas St.,2025-11-15,-1,67,54,11,16,29,77,45,8,17,32
Cal St. Fullerton,Pacific,2025-11-15,1,73,74,12,7,22,85,57,7,19,17
Pacific,Cal St. Fullerton,2025-11-15,-1,85,57,7,19,17,73,74,12,7,22
UC Riverside,North Dakota,2025-11-15,1,74,53,8,21,21,76,65,10,11,14
Nicholls,Murray St.,2025-11-15,-1,79,72,17,15,13,99,53,12,20,30
Murray St.,Nicholls,2025-11-15,1,99,53,12,20,30,79,72,17,15,13
Missouri St.,UT Arlington,2025-11-15,-1,49,50,11,17,24,67,62,16,15,17
Davidson,Bowling Green,2025-11-15,1,91,48,6,18,38,87,67,13,9,35
Old Dominion,George Washington,2025-11-15,-1,73,62,16,16,22,96,63,13,6,39
UT Arlington,Missouri St.,2025-11-15,1,67,62,16,15,17,49,50,11,17,24
St. John's (NY),William & Mary,2025-11-15,1,93,75,16,11,22,60,61,11,24,12
William & Mary,St. John's (NY),2025-11-15,-1,60,61,11,24,12,93,75,16,11,22
George Washington,Old Dominion,2025-11-15,1,96,63,13,6,39,73,62,16,16,22
Bowling Green,Davidson,2025-11-15,-1,87,67,13,9,35,91,48,6,18,38
Ball St.,Little Rock,2025-11-15,1,62,47,4,15,19,68,51,12,23,11
UNCW,USC Upstate,2025-11-15,1,73,56,18,10,28,60,55,13,11,18
Little Rock,Ball St.,2025-11-15,-1,68,51,12,23,11,62,47,4,15,19
BYU,UConn,2025-11-15,0,84,59,10,14,23,86,53,7,16,27
USC Upstate,UNCW,2025-11-15,-1,60,55,13,11,18,73,56,18,10,28
Louisiana Tech,Jackson St.,2025-11-15,1,68,64,23,13,31,51,56,10,14,17
Nevada,Santa Clara,2025-11-15,-1,83,58,12,12,28,98,61,10,11,16
James Madison,LIU,2025-11-15,-1,79,66,12,15,14,88,61,5,13,15
LIU,James Madison,2025-11-15,1,88,61,5,13,15,79,66,12,15,14
Jackson St.,Louisiana Tech,2025-11-15,-1,51,56,10,14,17,68,64,23,13,31
Nebraska,Oklahoma,2025-11-15,0,105,59,8,5,28,99,63,9,10,21
Santa Clara,Nevada,2025-11-15,1,98,61,10,11,16,83,58,12,12,28
Oklahoma,Nebraska,2025-11-15,0,99,63,9,10,21,105,59,8,5,28
UConn,BYU,2025-11-15,0,86,53,7,16,27,84,59,10,14,23
Dayton,Bethune-Cookman,2025-11-15,1,91,50,11,13,32,82,68,15,10,15
Bethune-Cookman,Dayton,2025-11-15,-1,82,68,15,10,15,91,50,11,13,32
Saint Louis,Grand Canyon,2025-11-15,1,78,59,10,18,17,64,67,15,12,22
Grand Canyon,Saint Louis,2025-11-15,-1,64,67,15,12,22,78,59,10,18,17
Omaha,Southern Utah,2025-11-15,1,90,60,8,10,25,85,68,11,10,17
Duquesne,Villanova,2025-11-15,-1,77,55,12,17,20,87,62,21,13,33
Oral Roberts,Belmont,2025-11-15,1,60,59,10,13,26,83,60,11,19,17
Southern Utah,Omaha,2025-11-15,-1,85,68,11,10,17,90,60,8,10,25
Villanova,Duquesne,2025-11-15,1,87,62,21,13,33,77,55,12,17,20
Gardner-Webb,Elon,2025-11-15,-1,84,73,17,13,15,95,59,10,15,23
Belmont,Oral Roberts,2025-11-15,-1,83,60,11,19,17,60,59,10,13,26
Elon,Gardner-Webb,2025-11-15,1,95,59,10,15,23,84,73,17,13,15
Northern Colo.,Pepperdine,2025-11-15,-1,88,62,12,20,25,81,73,15,11,30
Minnesota,Green Bay,2025-11-15,1,72,55,11,8,39,65,54,7,14,24
Wyoming,Portland,2025-11-15,1,93,72,18,10,17,56,48,8,13,33
New Mexico,New Mexico St.,2025-11-15,-1,68,55,9,13,17,76,56,12,8,26
Portland,Wyoming,2025-11-15,-1,56,48,8,13,33,93,72,18,10,17
Pepperdine,Northern Colo.,2025-11-15,1,81,73,15,11,30,88,62,12,20,25
Sam Houston,Utah,2025-11-15,-1,79,70,12,10,13,85,60,16,15,30
Green Bay,Minnesota,2025-11-15,-1,65,54,7,14,24,72,55,11,8,39
Utah,Sam Houston,2025-11-15,1,85,60,16,15,30,79,70,12,10,13
New Mexico St.,New Mexico,2025-11-15,1,76,56,12,8,26,68,55,9,13,17
Mississippi Val.,Manhattan,2025-11-15,0,73,55,8,13,11,80,48,13,13,32
Manhattan,Mississippi Val.,2025-11-15,0,80,48,13,13,32,73,55,8,13,11
Idaho St.,Seattle U,2025-11-15,-1,74,58,16,13,16,83,50,6,12,13
Fresno St.,Utah Valley,2025-11-15,1,75,46,3,17,22,74,50,7,15,28
UC Irvine,Weber St.,2025-11-15,1,79,56,11,13,38,70,71,16,13,24
Utah Valley,Fresno St.,2025-11-15,-1,74,50,7,15,28,75,46,3,17,22
Bradley,San Francisco,2025-11-15,-1,64,60,9,9,21,75,50,13,18,23
San Francisco,Bradley,2025-11-15,1,75,50,13,18,23,64,60,9,9,21
Seattle U,Idaho St.,2025-11-15,1,83,50,6,12,13,74,58,16,13,16
Weber St.,UC Irvine,2025-11-15,-1,70,71,16,13,24,79,56,11,13,38
Utah Tech,Hawaii,2025-11-15,-1,62,56,5,13,15,68,48,9,19,25
Hawaii,Utah Tech,2025-11-15,1,68,48,9,19,25,62,56,5,13,15
